DNA_id_Plants,Env,LC,TH,TD,IBR,PI_TOTAL,phi_Ro,phi_Eo,psi_Eo,phi_Po,phi_Po_1_phi_Po,dRo_1_dRo,psi_Eo_1_psi_Eo,RC_ABS,REo_RC,DIo_RC,ETo_RC,TRo_RC,ABS_RC,Fo,Fm,Fv_Fm
18C-01011-H1XET47,S2,206,820,18,682.9856022067,2.16186,0.1469,0.41332,0.53868,0.76762,3.3046,0.5565,1.26514,0.9069594617,0.1632,0.26416,0.46032,0.87438,1.13854,319.6,1381.6,0.7676
18C-01012-H1XET47,S2,260,660,15,836.1008450374,1.50232,0.13834,0.38356,0.52438,0.7299,2.7416,0.58224,1.14756,0.8051536681,0.1788,0.36076,0.48724,0.94912,1.30986,325,1183,0.7302
18C-01013-H1XET47,S2,212,1140,18,754.8545048026,4.3031,0.17888,0.48054,0.60604,0.79338,3.8486,0.59166,1.61636,1.1051116004,0.165,0.19318,0.44292,0.74038,0.93356,283.8,1377.4,0.7932
18C-01021-H1XET47,S2,176,680,14,780.6815605515,1.67106,0.14422,0.36064,0.4845,0.74322,3.1266,0.69148,0.9839,0.739758935,0.2198,0.44454,0.53048,1.1227,1.56724,354,1421.2,0.7432
18C-01022-H1XET47,S2,270,886,17,743.9150759984,4.29356,0.17478,0.46848,0.58868,0.79564,3.9004,0.59444,1.53392,1.108667423,0.1608,0.1931,0.4312,0.74922,0.94232,284.6,1384.8,0.7956
18C-01025-H1XET47,S2,128,570,10,687.5683171639,2.3217,0.1478,0.4463,0.58122,0.76954,3.353,0.4961,1.4851,0.9139486736,0.1626,0.25802,0.4962,0.86348,1.1215,305.8,1348.4,0.7696
18C-01026-H1XET47,S2,188,1150,16,725.3571002871,2.08112,0.1603,0.3973,0.53084,0.7481,2.9854,0.67822,1.18332,0.8412687318,0.1916,0.30652,0.4747,0.90508,1.21164,335.6,1340.4,0.7482
18C-01030-H1XET47,S2,160,830,13,648.8618633491,2.95014,0.16478,0.43514,0.56852,0.7642,3.2568,0.6096,1.35174,1.0147734708,0.1618,0.23758,0.43174,0.7642,1.00178,281,1192.4,0.7642
18C-01034-H1XET47,S2,240,1030,15,692.8674598775,2.75948,0.14334,0.38672,0.50268,0.7652,3.3038,0.58834,1.1437,0.8312157177,0.1768,0.32218,0.48538,1.0192,1.34136,315.2,1307.6,0.7652
18C-01037-H1XET47,S2,198,1060,14,727.3951026583,2.69484,0.14328,0.38014,0.4997,0.75538,3.1654,0.59252,1.14498,0.7929164301,0.179,0.34046,0.4884,1.02192,1.3624,280.6,1176.4,0.7554
18C-01042-H1XET47,S2,338,1130,16,811.2495125015,1.32296,0.12722,0.38124,0.50606,0.75316,3.0664,0.502,1.04924,0.7767868711,0.171,0.339,0.5133,1.02236,1.36136,311.2,1240.4,0.7532
18C-01043-H1XET47,S2,220,773,10,671.8195950323,4.03398,0.18384,0.4707,0.60848,0.77422,3.5558,0.64788,1.60178,1.02073652,0.1786,0.22442,0.4625,0.7648,0.9892,286.6,1381.8,0.7742
18C-01044-H1XET47,S2,272,1040,15,700.9763054655,3.24064,0.15234,0.40828,0.51432,0.79196,3.8312,0.60408,1.24892,0.9322919567,0.164,0.2387,0.44192,0.90254,1.14122,292.2,1411.4,0.7918
18C-01049-H1XET47,S2,144,930,13,712.1139215859,2.45052,0.15424,0.44032,0.58018,0.75782,3.1432,0.5491,1.4274,0.9750196821,0.1616,0.25696,0.46114,0.8038,1.0608,290.6,1194,0.7578
18C-01052-H1XET47,S2,244,900,15,815.6364693585,1.5302,0.13746,0.36964,0.49834,0.735,2.8616,0.61314,1.07282,0.7380126412,0.1938,0.40494,0.51192,1.06828,1.4732,341.6,1311.4,0.735
18C-01055-H1XET47,S2,104,540,10,699.2430909334,2.55604,0.1532,0.46078,0.5994,0.76922,3.3704,0.50484,1.54894,0.9906990487,0.1576,0.23764,0.47354,0.79316,1.03078,288.6,1269,0.7694
18C-01060-H1XET47,S2,306,700,15,668.5003777037,3.8109,0.16816,0.45488,0.58202,0.78212,3.6054,0.58138,1.5187,1.0135944206,0.1696,0.22888,0.46346,0.81666,1.04556,259.4,1197.2,0.7822
18C-01061-H1XET47,S2,232,940,14,708.20517309,2.1462,0.14954,0.4339,0.5717,0.75832,3.1576,0.53316,1.41564,0.8873694461,0.1696,0.27878,0.49476,0.87784,1.15664,299.8,1259.6,0.7582
18C-01062-H1XET47,S2,112,760,12,614.2820628388,3.3739,0.1658,0.42844,0.55442,0.77216,3.409,0.62206,1.35474,1.0230013433,0.1608,0.2277,0.41902,0.7686,0.99626,247.8,1098.6,0.772
18C-01063-H1XET47,S2,150,1040,12,699.2233693619,2.752,0.15418,0.46646,0.60464,0.77144,3.3772,0.49194,1.629,0.9734842337,0.16,0.24098,0.48374,0.8145,1.05544,277.4,1216.8,0.7714
18C-01064-H1XET47,S2,144,970,13,911.764463938,1.27888,0.12876,0.34414,0.47402,0.72168,2.6624,0.60134,0.9315,0.7300043001,0.1862,0.44328,0.49924,1.08898,1.53228,342.4,1203,0.7218
18C-01067-H1XET47,S2,202,710,14,703.752856161,2.30472,0.14258,0.45096,0.58466,0.77198,3.3932,0.465,1.46784,0.9791976776,0.1476,0.23822,0.47048,0.80924,1.04748,264.2,1171.4,0.772
18C-01068-H1XET47,S2,228,1100,14,707.2631845475,1.8827,0.1447,0.40222,0.52688,0.76476,3.3232,0.56138,1.13402,0.86330962,0.1744,0.29218,0.48442,0.92366,1.21586,324.4,1397,0.765
18C-01069-H1XET47,S2,270,1000,16,722.6874306058,2.4546,0.13626,0.43408,0.54856,0.79018,3.801,0.46544,1.35826,0.9914723773,0.1368,0.21838,0.43604,0.8146,1.033,297.6,1421.6,0.79
18C-01070-H1XET47,S2,190,1050,17,716.8542451835,4.40832,0.19646,0.47916,0.62134,0.77168,3.395,0.69798,1.69844,1.0771876457,0.1854,0.21698,0.45294,0.73362,0.95056,280.2,1246,0.7716
18C-01071-H1XET47,S2,276,1015,16,670.0915890437,2.25982,0.1459,0.4165,0.5375,0.776,3.5734,0.53964,1.20362,0.9201389039,0.1674,0.27376,0.47832,0.8954,1.16916,304,1377.4,0.776
18C-01072-H1XET47,S2,218,770,14,793.097470368,1.41066,0.13374,0.37516,0.49636,0.75698,3.1232,0.5679,1.02164,0.7949537822,0.173,0.31598,0.48084,0.98968,1.30566,309,1287.8,0.7568
18C-01073-H1XET47,S2,226,640,13,637.500367343,2.82616,0.15816,0.43956,0.5615,0.78144,3.587,0.59134,1.34878,1.0116646992,0.1602,0.2266,0.4405,0.80124,1.02788,350.8,1583.6,0.7816
18C-01074-H1XET47,S2,178,670,12,732.4611559465,1.75564,0.15504,0.36844,0.4747,0.7772,3.519,0.74924,0.97176,0.6975014759,0.2226,0.32534,0.52404,1.136,1.46136,303.8,1397.8,0.7774
18C-01076-H1XET47,S2,214,1100,16,704.6305392129,2.85524,0.15202,0.45218,0.5706,0.79264,3.8318,0.50334,1.4015,0.9933264559,0.153,0.21126,0.45668,0.8101,1.02136,331.8,1606.2,0.7924
18C-01079-H1XET47,S2,232,760,16,680.9554929726,3.31012,0.15556,0.4539,0.57942,0.78222,3.5974,0.52332,1.5502,1.0134322289,0.1546,0.2262,0.45154,0.80664,1.03284,283.4,1289.6,0.7822
18C-01080-H1XET47,S2,130,660,11,789.1711996158,1.685,0.128,0.39394,0.51918,0.75998,3.1922,0.47996,1.13708,0.9182643069,0.1408,0.27104,0.43568,0.85732,1.12838,316,1332.8,0.7598
18C-01081-H1XET47,S2,232,1120,16,683.7993796258,2.85318,0.16118,0.42298,0.56212,0.75122,3.0996,0.64314,1.40446,0.9739723796,0.1738,0.28542,0.44638,0.82802,1.11346,312,1284.4,0.7512
18C-01083-H1XET47,S2,184,910,13,709.6067724213,2.04636,0.15244,0.37976,0.48504,0.7828,3.6308,0.67934,0.97688,0.821136019,0.1926,0.28278,0.47712,1.01762,1.30038,310,1447,0.7828
18C-01084-H1XET47,S2,186,980,14,742.2109219181,1.84688,0.1434,0.3764,0.49562,0.76064,3.2428,0.61854,1.04064,0.8303332291,0.1796,0.3116,0.47058,0.98124,1.29286,305.4,1302.2,0.7606
18C-01089-H1XET47,S2,150,635,11,666.2028471583,2.26264,0.15156,0.41994,0.53638,0.78332,3.6362,0.56954,1.21664,0.8846712216,0.175,0.25624,0.48658,0.91782,1.17408,314.4,1451.8,0.7834
18C-01090-H1XET47,S2,240,1130,18,630.3369890581,2.69188,0.15634,0.41998,0.53998,0.77612,3.4934,0.60682,1.252,0.9417971732,0.1688,0.25232,0.45188,0.86482,1.1171,314.6,1403.2,0.7762
18C-01091-H1XET47,S2,298,800,12,735.3824628558,1.77384,0.15292,0.37998,0.50036,0.75914,3.162,0.69626,1.04058,0.7700090321,0.202,0.32376,0.50352,1.02078,1.34454,294.2,1235.2,0.7592
18C-01092-H1XET47,S2,186,1020,16,645.5280026784,2.48662,0.1524,0.43366,0.56254,0.77212,3.4354,0.55626,1.3186,1.0071008944,0.1566,0.23588,0.44132,0.79208,1.02796,297.2,1334.2,0.7722
18C-01093-H1XET47,S2,184,710,14,660.55602229,2.61816,0.15754,0.42444,0.5583,0.76,3.2208,0.58846,1.36104,0.9140358811,0.175,0.2734,0.46946,0.8524,1.12582,346.2,1451.6,0.7598
18C-01096-H1XET47,S2,208,1180,18,651.6687830513,2.48448,0.15178,0.43492,0.56452,0.7707,3.3724,0.53006,1.37398,0.9171576729,0.1674,0.26036,0.48576,0.87356,1.1339,342.2,1505.4,0.7706
18C-01097-H1XET47,S2,286,1070,16,719.6007288649,2.15256,0.15436,0.39744,0.5298,0.75272,3.094,0.6403,1.20592,0.8562535831,0.179,0.295,0.46668,0.911,1.20598,309.4,1297.8,0.7526
18C-01098-H1XET47,S2,146,765,10,688.7869494243,3.72136,0.17124,0.46158,0.58426,0.79036,3.7864,0.58876,1.50292,1.0114078403,0.1692,0.2103,0.45892,0.79246,1.00278,347.2,1682,0.7904
18C-01099-H1XET47,S2,264,620,12,699.8270893994,2.02498,0.14826,0.4088,0.53482,0.76388,3.2466,0.57272,1.2061,0.8782878965,0.1696,0.27738,0.46824,0.8962,1.17354,304.4,1302.6,0.764
18C-01100-H1XET47,S2,150,720,18,664.714096063,2.18944,0.15274,0.41034,0.54156,0.75582,3.3006,0.5965,1.22018,0.8163878019,0.2022,0.37744,0.54256,1.02374,1.4012,362.8,1529.8,0.7558
18C-01102-H1XET47,S2,200,550,11,672.0401281978,3.01148,0.15408,0.4432,0.57938,0.76298,3.2978,0.52272,1.5322,0.8293769017,0.1846,0.30916,0.5446,0.97434,1.2835,347.4,1484.4,0.763
18C-01103-H1XET47,S2,290,630,16,698.5703898933,2.2821,0.1504,0.4136,0.52384,0.78864,3.7474,0.57688,1.13862,0.9096846196,0.168,0.2415,0.46156,0.89506,1.1366,341.2,1623.2,0.7886
18C-01104-H1XET47,S2,258,730,13,611.7326904941,2.67442,0.16544,0.43682,0.561,0.77904,3.5724,0.61372,1.30812,0.9222703592,0.1812,0.2445,0.47906,0.85804,1.10256,327.2,1527.4,0.779
18C-01105-H1XET47,S2,184,790,15,601.0728189748,3.083224,0.164828,0.424664,0.54464,0.777008,3.55068,0.644564,1.347084,0.9452396592,0.17604,0.24534,0.452532,0.847088,1.092432,276.64,1276.48,0.7772
18C-01110-H1XET47,S2,234,760,17,721.1179213108,1.9237,0.14482,0.39428,0.51436,0.76538,3.3072,0.58382,1.08598,0.8631506841,0.172,0.28676,0.46588,0.91678,1.20354,317.8,1356.6,0.7654
18C-01111-H1XET47,S2,294,660,11,681.5001682936,2.75826,0.154,0.43544,0.54862,0.7928,3.8378,0.56774,1.31314,0.9896985042,0.1586,0.21686,0.44164,0.8262,1.04306,293.8,1425.6,0.793
18C-01113-H1XET47,S2,186,680,13,653.2673190396,2.5855,0.15578,0.41718,0.533,0.78166,3.632,0.5971,1.1837,0.89662938,0.1792,0.26738,0.48534,0.93324,1.20062,310.6,1431.4,0.7818
18C-01116-H1XET47,S2,268,663,12,645.1929089553,2.49146,0.1488,0.42624,0.55014,0.7762,3.5362,0.53366,1.27578,0.9538356645,0.1584,0.2466,0.45656,0.83932,1.08594,333,1503.6,0.7762
18C-01117-H1XET47,S2,208,1030,15,692.6816769602,1.74026,0.13228,0.42352,0.54488,0.77766,3.51,0.46458,1.25654,0.8681245465,0.1548,0.26018,0.49334,0.9152,1.17538,330.6,1498.6,0.7776
18C-01118-H1XET47,S2,156,650,13,1091.8482878,0.77336,0.12408,0.30088,0.43402,0.69018,2.2856,0.71138,0.78136,0.5831514034,0.2162,0.55984,0.52238,1.22546,1.7853,354.6,1171.6,0.6902
18C-01120-H1XET47,S2,260,876,13,617.2006918555,2.55702,0.15962,0.43268,0.55576,0.77798,3.5196,0.58772,1.27814,0.8887482386,0.1798,0.25846,0.49326,0.89794,1.1564,298.6,1348.6,0.778
18C-01121-H1XET47,S2,168,600,14,699.2059599596,4.03264,0.1587,0.42748,0.53662,0.79254,3.8682,0.6073,1.38162,0.9644662288,0.1636,0.23742,0.444,0.88506,1.12246,291.4,1398.8,0.7926
18C-01122-H1XET47,S2,160,860,13,752.3908977796,1.89156,0.13866,0.38124,0.48662,0.78364,3.6284,0.58132,0.99238,0.8889200916,0.1602,0.25584,0.43798,0.92696,1.18284,330.2,1536.2,0.7836
18C-01124-H1XET47,S2,192,600,13,687.7315731357,3.12924,0.15728,0.45084,0.59032,0.76232,3.3208,0.54634,1.57204,0.9948294462,0.1692,0.2741,0.4727,0.82048,1.0946,300,1272,0.7622
18C-01125-H1XET47,S2,250,700,13,723.4403546002,2.6652833333,0.1472833333,0.4494833333,0.5665833333,0.7937833333,3.8626666667,0.4908166667,1.3358166667,1.0323713931,0.1473333333,0.2101333333,0.4530833333,0.8029666667,1.0131166667,275.3333333333,1335.6666666667,0.7938333333
18C-01126-H1XET47,S2,100,850,12,855.4518007134,1.11252,0.13718,0.3492,0.4736,0.73902,2.8578,0.65924,0.93852,0.6369149967,0.2182,0.419,0.55348,1.19252,1.61156,340.2,1342.4,0.7392
18C-01129-H1XET47,S2,172,595,10,774.8361122122,1.44436,0.13592,0.39982,0.5341,0.7492,3.0124,0.52422,1.19152,0.7541575266,0.1816,0.34258,0.54012,1.02378,1.36634,308.4,1255.8,0.7492
18C-01132-H1XET47,S2,186,910,16,706.5921104859,1.9347,0.13812,0.41864,0.54606,0.766,3.29,0.49214,1.26952,0.8938139317,0.1564,0.27048,0.47722,0.89004,1.16052,302.8,1310,0.766
18C-01133-H1XET47,S2,234,970,15,684.3754995194,2.35648,0.16104,0.40156,0.50972,0.78754,3.7086,0.68088,1.08556,0.8615027278,0.188,0.25024,0.46728,0.92798,1.17824,293.8,1386,0.7876
18C-01134-H1XET47,S2,300,740,14,934.3394979469,1.10456,0.1286,0.32778,0.4657,0.7065,2.7018,0.6528,0.8852,0.689686053,0.2014,0.5391,0.5143,1.117,1.65614,358.4,1334.2,0.7066
18C-01135-H1XET47,S2,254,730,11,628.7702954567,2.96392,0.16024,0.43588,0.55746,0.78198,3.5868,0.59026,1.34424,0.975005653,0.167,0.23616,0.45854,0.84634,1.0825,302,1382.8,0.7818
18C-01136-H1XET47,S2,136,1010,13,706.2466693,2.07818,0.14092,0.39342,0.50882,0.7691,3.385,0.56466,1.14982,0.8349144545,0.17,0.29866,0.47796,0.96862,1.26726,328.4,1439.2,0.7692
18C-01137-H1XET47,S2,110,923,11,735.7805902389,2.20202,0.14464,0.40816,0.54986,0.7404,2.9928,0.5556,1.30222,0.8864031153,0.177,0.3557,0.49606,0.9253,1.28098,318.8,1231.8,0.7404
18C-01141-H1XET47,S2,184,716,13,738.7288723075,1.96282,0.14394,0.37866,0.4943,0.76456,3.2856,0.6169,1.0138,0.8626801841,0.1728,0.29574,0.454,0.94244,1.2382,315,1316.8,0.7644
18C-01142-H1XET47,S2,202,730,13,675.3506328616,3.6383,0.16088,0.42786,0.53778,0.79296,3.8672,0.61724,1.40692,0.9249529213,0.1746,0.24074,0.46362,0.90738,1.14814,329.6,1588,0.793
18C-01143-H1XET47,S2,124,910,15,855.0466883185,1.49246,0.13414,0.34048,0.47066,0.7201,2.9036,0.66498,0.92976,0.7068895656,0.211,0.55936,0.5307,1.16168,1.72102,332.6,1233.8,0.72
18C-01144-H1XET47,S2,232,845,12,765.5128874118,1.96748,0.12734,0.40846,0.51936,0.78714,3.7266,0.45606,1.13992,0.9530940699,0.136,0.23592,0.44194,0.86328,1.0992,326.4,1536.6,0.7874
18C-01145-H1XET47,S2,104,770,10.5,753.769640306,1.5983,0.12958,0.37924,0.49146,0.76946,3.3842,0.54984,1.01288,0.8538439805,0.1634,0.3077,0.46016,0.99004,1.29776,304.6,1312.6,0.7696
18C-01146-H1XET47,S2,178,630,13,707.1707668909,3.37582,0.16164,0.44278,0.55094,0.80344,4.0956,0.5732,1.32712,0.9724336328,0.1658,0.20724,0.46044,0.847,1.05426,287.6,1466.4,0.8032
18C-01011-H1XET47,S3,236,960,18,712.2229920603,1.7195,0.152,0.37404,0.48582,0.7683,3.3584,0.68452,0.95506,0.7281404809,0.2124,0.3438,0.5282,1.10388,1.44768,517.8,2223.4,0.7682
18C-01012-H1XET47,S3,280,760,18,714.1847604676,2.23432,0.1566,0.37014,0.48184,0.76616,3.3312,0.72608,0.9701,0.7149587327,0.2264,0.36976,0.54716,1.16758,1.53732,535.4,2289,0.7664
18C-01013-H1XET47,S3,332,1230,23,741.2169671919,1.50044,0.1374,0.37408,0.48038,0.77768,3.5116,0.58246,0.9381,0.7664479721,0.179,0.29228,0.48694,1.01778,1.31006,526.4,2367.8,0.7776
18C-01021-H1XET47,S3,232,890,19,702.7900490417,2.97624,0.16294,0.42626,0.53134,0.80172,4.0732,0.62088,1.14194,0.9936244217,0.1656,0.20464,0.4335,0.82016,1.02478,462.8,2341.6,0.8016
18C-01022-H1XET47,S3,294,1000,23,727.8431739515,4.0684,0.18146,0.44126,0.54798,0.80354,4.1666,0.69548,1.23512,1.0021377706,0.1822,0.20942,0.44974,0.83132,1.04074,487.4,2501.4,0.8034
18C-01025-H1XET47,S3,260,660,18,590.8628674311,3.05202,0.1754,0.4245,0.54724,0.77474,3.4952,0.7019,1.21598,0.934976061,0.1878,0.24822,0.45764,0.83982,1.08804,495,2219,0.7746
18C-01026-H1XET47,S3,278,1260,25,975.0377498833,1.97572,0.14714,0.35104,0.45242,0.76954,3.4422,0.71652,0.86918,0.7205364582,0.2032,0.36174,0.49564,1.14188,1.50364,540.4,2362.6,0.7696
18C-01030-H1XET47,S3,218,950,18,613.1709084399,2.87418,0.17106,0.42078,0.53946,0.77968,3.5592,0.68676,1.17546,0.9694130511,0.1786,0.23352,0.43948,0.8173,1.05086,496,2251.2,0.7796
18C-01034-H1XET47,S3,506,1140,21,761.14851559,1.96466,0.15444,0.35338,0.45124,0.77648,3.6444,0.77806,0.85336,0.6487284964,0.238,0.39276,0.5587,1.27818,1.67098,561.6,2564.4,0.7766
18C-01037-H1XET47,S3,176,1150,20.5,716.0361942237,2.26182,0.16268,0.4146,0.52296,0.79378,3.8904,0.6499,1.13418,0.7389401726,0.243,0.31792,0.61566,1.18958,1.50746,499,2438.4,0.7938
18C-01042-H1XET47,S3,432,1200,21,731.0741077975,3.49252,0.18572,0.4404,0.54528,0.80762,4.2088,0.73376,1.20186,0.9260622519,0.2004,0.20874,0.47652,0.87438,1.08312,510.2,2653.2,0.8078
18C-01043-H1XET47,S3,208,820,14.5,679.3870241277,4.58246,0.19592,0.44964,0.57488,0.7794,3.6288,0.76972,1.38704,1.0233497034,0.1916,0.22848,0.44378,0.78128,1.00976,468.6,2159.6,0.7796
18C-01044-H1XET47,S3,280,1100,19,709.4031350198,3.29226,0.17568,0.42792,0.531,0.80508,4.1482,0.71078,1.15594,0.9473249118,0.192,0.21782,0.4629,0.88874,1.10658,466.8,2396.2,0.805
18C-01049-H1XET47,S3,210,1165,17.5,682.1043866227,2.20764,0.15676,0.41182,0.52256,0.78776,3.7258,0.61678,1.10224,0.8593500333,0.1824,0.24826,0.48078,0.91892,1.1672,505,2379.8,0.7876
18C-01052-H1XET47,S3,298,1140,20,739.5049492026,4.46408,0.19752,0.45406,0.56802,0.7989,3.9846,0.7746,1.34308,1.0395158561,0.19,0.19598,0.43856,0.7743,0.97026,483.8,2406,0.7988
18C-01055-H1XET47,S3,124,630,15,666.1940231016,3.16524,0.17414,0.4365,0.5457,0.79936,3.9994,0.66296,1.21372,0.9435974128,0.185,0.2167,0.46554,0.85792,1.07462,486.6,2427.8,0.7994
18C-01060-H1XET47,S3,276,940,17,724.2988391743,2.98906,0.16762,0.42112,0.52104,0.80826,4.2222,0.66278,1.09412,0.9701700108,0.1744,0.20088,0.43854,0.843,1.04388,473.8,2474,0.8084
18C-01061-H1XET47,S3,318,1080,20,642.6547047116,3.10086,0.17696,0.4328,0.5461,0.79236,3.8242,0.69356,1.21178,0.9555053641,0.1856,0.21922,0.4539,0.83374,1.05298,491.8,2368.2,0.792
18C-01062-H1XET47,S3,196,780,15,663.1749807947,2.39394,0.15616,0.43834,0.55566,0.78882,3.738,0.55752,1.26134,0.895346928,0.1758,0.2394,0.4938,0.89298,1.13238,506.4,2397.6,0.7888
18C-01063-H1XET47,S3,262,1200,20,719.0418512765,2.56192,0.17674,0.39446,0.50122,0.78692,3.6972,0.8154,1.0052,0.8346394258,0.2118,0.25672,0.47404,0.94616,1.20288,519.2,2435.2,0.787
18C-01064-H1XET47,S3,324,1120,17,626.2341402858,2.9333,0.17638,0.42274,0.53926,0.7836,3.6526,0.71432,1.18364,0.8990029073,0.1966,0.24628,0.47468,0.88716,1.13346,505.4,2348.6,0.7834
18C-01067-H1XET47,S3,302,830,19,728.7296419494,3.49516,0.18768,0.43516,0.54088,0.8047,4.1316,0.7667,1.17918,0.9217100257,0.204,0.21438,0.47574,0.87886,1.09322,498.8,2559,0.8046
18C-01068-H1XET47,S3,396,1260,21,728.8975146447,2.44224,0.15982,0.40612,0.50682,0.80112,4.0306,0.6509,1.03168,0.9025068459,0.1782,0.22062,0.45158,0.88948,1.11008,464.4,2336.8,0.8012
18C-01069-H1XET47,S3,244,1150,21,781.7881595505,4.06946,0.19896,0.42532,0.52928,0.80294,4.1018,0.89298,1.1429,0.93636977,0.2136,0.21564,0.458,0.8696,1.08528,478.4,2433.4,0.8028
18C-01070-H1XET47,S3,312,1200,19,668.2025957303,3.73184,0.18614,0.45432,0.57444,0.79034,3.7922,0.69438,1.36634,0.9773622486,0.1928,0.22266,0.47388,0.82916,1.05184,461.8,2208.4,0.7904
18C-01071-H1XET47,S3,282,1100,17,790.0024274472,4.66144,0.2054,0.43916,0.5454,0.8046,4.1352,0.88158,1.2161,1.027531122,0.1994,0.19062,0.4272,0.7841,0.97472,488.8,2509.6,0.8046
18C-01072-H1XET47,S3,282,840,19,801.5974521733,1.89986,0.15168,0.34742,0.44096,0.7869,3.7064,0.77468,0.79718,0.8020878279,0.1884,0.26862,0.43282,0.98696,1.2556,495,2326.2,0.7868
18C-01073-H1XET47,S3,244,700,15,763.7612901418,3.27228,0.19178,0.38914,0.50872,0.76212,3.2806,1.03986,1.09204,0.7196683169,0.2736,0.3837,0.57176,1.1592,1.54288,554.2,2350,0.7622
18C-01074-H1XET47,S3,268,860,15,840.5674824991,5.32238,0.21012,0.47582,0.58998,0.80576,4.1786,0.79164,1.45714,1.0368713477,0.2046,0.19364,0.4657,0.79346,0.98708,479.6,2470,0.8058
18C-01076-H1XET47,S3,248,1370,21,773.0706782651,4.2255,0.19712,0.41238,0.51724,0.79636,3.9326,0.9187,1.09432,0.9703876011,0.2038,0.21606,0.42872,0.83766,1.05368,474.4,2334.6,0.7966
18C-01079-H1XET47,S3,366,880,18,598.2721488022,3.03,0.17296,0.44286,0.56924,0.77796,3.5096,0.64454,1.32294,0.9896574258,0.1746,0.2253,0.44834,0.78778,1.01306,475.2,2144.8,0.7778
18C-01080-H1XET47,S3,114,790,19,777.6419871126,4.47402,0.19682,0.4568,0.56478,0.80876,4.238,0.76064,1.3302,1.037208382,0.1908,0.18714,0.4443,0.78738,0.97452,480.8,2517.4,0.809
18C-01081-H1XET47,S3,420,1350,20,650.368109161,3.42064,0.18714,0.44508,0.5647,0.7884,3.7274,0.7265,1.31008,0.9503433411,0.1992,0.22658,0.47626,0.84688,1.07352,489.6,2316.2,0.7884
18C-01083-H1XET47,S3,244,1050,19,724.7720847858,3.42424,0.18296,0.42166,0.52586,0.8008,4.0414,0.76414,1.13602,0.8632728335,0.2118,0.24066,0.49604,0.95432,1.19496,496.6,2495.8,0.8006
18C-01084-H1XET47,S3,304,1160,21,631.1352742553,3.33506,0.18052,0.42768,0.54478,0.78466,3.6688,0.73868,1.21058,0.9096053614,0.1978,0.24398,0.47702,0.88368,1.1277,493.6,2298.4,0.7846
18C-01089-H1XET47,S3,216,740,15,631.5106918095,2.29026,0.16268,0.40998,0.53208,0.77032,3.3632,0.65688,1.14526,0.8854440097,0.1832,0.2602,0.4628,0.87096,1.13118,494.4,2159,0.7704
18C-01090-H1XET47,S3,284,1160,21,705.5762266373,4.08788,0.20338,0.4619,0.588,0.7852,3.6594,0.78814,1.44566,0.9722827482,0.2094,0.22166,0.47572,0.8096,1.03124,474.4,2210.4,0.7854
18C-01091-H1XET47,S3,332,930,21,798.5776678,1.55782,0.13654,0.37346,0.49838,0.74772,2.9964,0.5772,1.01974,0.7874600636,0.1762,0.33882,0.48434,0.98638,1.32522,486.4,1935.2,0.7476
18C-01092-H1XET47,S3,308,1380,20,636.926090334,3.8915,0.19294,0.43686,0.56076,0.77876,3.5238,0.79248,1.30396,0.9995484013,0.1948,0.23024,0.44578,0.80706,1.0373,469,2118.4,0.7788
18C-01093-H1XET47,S3,222,800,15,743.0620767665,2.24298,0.15318,0.40146,0.50356,0.7972,3.95,0.61792,1.01638,0.8902064919,0.173,0.23142,0.45522,0.9035,1.13494,519,2569.2,0.797
18C-01096-H1XET47,S3,272,1340,19,692.7943770961,4.08492,0.17954,0.44466,0.55652,0.79696,3.9712,0.67508,1.29398,1.0233391479,0.1778,0.21334,0.44442,0.81532,1.02866,452,2234.6,0.797
18C-01097-H1XET47,S3,272,1180,18,785.3104465309,4.24472,0.202,0.43056,0.53716,0.7975,4.0422,0.88222,1.20792,0.860163416,0.2394,0.26838,0.5126,0.99252,1.2609,543.8,2721.2,0.7976
18C-01098-H1XET47,S3,72,790,12,684.1783659167,4.17145,0.202575,0.452125,0.5792,0.779625,3.60375,0.815,1.387625,0.9973228574,0.20325,0.223925,0.4543,0.784675,1.008575,484,2214.5,0.78
18C-01099-H1XET47,S3,162,790,14,731.2910030398,1.78044,0.1553,0.36802,0.47178,0.77978,3.5438,0.73326,0.89838,0.7510985981,0.2084,0.29834,0.49422,1.05284,1.35118,511.8,2324.2,0.7798
18C-01100-H1XET47,S3,174,910,17,728.8313929852,1.70294,0.14346,0.37694,0.5014,0.75096,3.1088,0.61344,1.00914,0.8184782657,0.1788,0.3316,0.47452,0.9512,1.2828,498.8,2035.6,0.751
18C-01102-H1XET47,S3,196,700,17,796.5981155368,1.66426,0.14352,0.34176,0.45008,0.75502,3.1648,0.7171,0.83726,0.7326941655,0.1942,0.36548,0.47294,1.07508,1.44058,539,2215.6,0.755
18C-01103-H1XET47,S3,264,660,21,741.6095209359,2.98966,0.18658,0.38832,0.49498,0.78386,3.6528,0.92924,0.99012,0.8299914528,0.2252,0.26982,0.4746,0.96374,1.23354,527.4,2448.6,0.7838
18C-01104-H1XET47,S3,244,850,21,1597.3445736512,0.7825,0.1251,0.19096,0.27396,0.6967,2.44,2.52016,0.37998,0.2995990751,0.415,1.09704,0.65164,2.3783,3.47536,518.4,1753.6,0.6968
18C-01105-H1XET47,S3,162,990,17,950.1201559318,1.5225,0.13104,0.33332,0.46858,0.70528,2.436,0.63294,0.94784,0.711215367,0.181,0.46482,0.47836,1.06822,1.53302,546,1850.8,0.7054
18C-01110-H1XET47,S3,256,880,18,779.624277905,1.38418,0.1249,0.34924,0.45088,0.768,3.416,0.54852,0.85888,0.6883069235,0.1818,0.38326,0.51622,1.19546,1.57868,519.8,2261.4,0.7682
18C-01111-H1XET47,S3,132,660,11,694.2480865485,1.93,0.15304,0.41238,0.52394,0.78614,3.7018,0.59042,1.11296,0.773992293,0.1988,0.2802,0.53542,1.023,1.30318,508.6,2387.4,0.7862
18C-01113-H1XET47,S3,162,820,15.5,729.1338850877,3.86696,0.18646,0.43132,0.5376,0.80008,4.0926,0.7603,1.20122,0.9024447894,0.2074,0.23688,0.48584,0.92112,1.158,479.4,2432.6,0.8002
18C-01116-H1XET47,S3,332,830,18,701.1065495715,2.48976,0.15916,0.39394,0.4987,0.78896,3.7628,0.67878,1.01702,0.9065768698,0.176,0.23992,0.43658,0.88608,1.12596,452.6,2150.8,0.7888
18C-01117-H1XET47,S3,248,1240,20,807.2192184788,1.04356,0.1341,0.35602,0.46966,0.7578,3.1354,0.6091,0.89144,0.5953153626,0.2242,0.40984,0.59922,1.2781,1.68794,553,2285.2,0.7578
18C-01118-H1XET47,S3,168,800,12,638.300419653,2.34336,0.15578,0.41274,0.53322,0.77306,3.4204,0.60268,1.17478,0.8939748171,0.1732,0.26034,0.46432,0.88052,1.14086,465,2051.6,0.7732
18C-01120-H1XET47,S3,68,1100,18,765.2779167754,1.49022,0.14394,0.34466,0.44738,0.77044,3.3862,0.7218,0.80972,0.7243144064,0.2006,0.33146,0.4877,1.09024,1.42172,534.6,2338.4,0.7706
18C-01121-H1XET47,S3,218,710,17,691.8450626843,3.20394,0.16524,0.37476,0.47642,0.7767,3.6254,0.83308,1.06502,0.7814211682,0.2184,0.34018,0.48508,1.10878,1.44892,523.4,2364.6,0.7768
18C-01122-H1XET47,S3,244,900,16,694.2081421375,2.518,0.1641,0.39756,0.5033,0.78932,3.7842,0.70162,1.02122,0.8727524321,0.1884,0.24816,0.45928,0.91814,1.1663,469.6,2243.2,0.7892
18C-01124-H1XET47,S3,264,700,17,656.5035876776,3.25546,0.18728,0.42526,0.5429,0.78178,3.637,0.78518,1.22008,0.837716824,0.2244,0.27338,0.5141,0.95802,1.23138,488,2248.2,0.782
18C-01125-H1XET47,S3,272,800,18,732.9936699599,1.60094,0.14064,0.364,0.46844,0.7771,3.518,0.6333,0.88832,0.7639930425,0.1846,0.30174,0.48412,1.03846,1.34022,489,2206,0.777
18C-01126-H1XET47,S3,122,1100,10,704.1736299169,4.4727,0.1991,0.45154,0.57364,0.7855,3.7086,0.78682,1.40384,0.9726388273,0.2064,0.23322,0.47128,0.83532,1.06856,455.8,2149.2,0.7854
18C-01129-H1XET47,S3,144,670,13,741.4708424732,2.28498,0.1511,0.37466,0.47266,0.78996,3.8234,0.67468,0.92574,0.7825239071,0.1942,0.28694,0.48608,1.04968,1.3366,490.8,2347.8,0.7902
18C-01132-H1XET47,S3,216,1030,19,858.4792448662,1.22502,0.12722,0.31728,0.41942,0.75164,3.093,0.66522,0.75858,0.6341427395,0.2002,0.42018,0.50634,1.23488,1.6551,571,2303.4,0.7516
18C-01133-H1XET47,S3,196,1160,22,754.474723242,4.18274,0.1824,0.457,0.56408,0.80944,4.282,0.66412,1.30424,1.0427623393,0.1752,0.18828,0.44284,0.78944,0.97774,464.8,2452.4,0.8092
18C-01134-H1XET47,S3,300,840,18,727.685264115,1.47904,0.14438,0.37402,0.48002,0.77926,3.534,0.63174,0.92706,0.7171444319,0.2018,0.30914,0.52368,1.08936,1.39848,542.6,2457.8,0.7792
18C-01135-H1XET47,S3,234,920,17,743.4543197533,1.71354,0.14714,0.36466,0.46558,0.78192,3.6144,0.6781,0.88732,0.7645261189,0.1918,0.28918,0.47614,1.02816,1.31732,516.4,2383,0.7818
18C-01136-H1XET47,S3,144,1160,18,781.6199290669,1.44276,0.1526,0.35916,0.45952,0.78152,3.5794,0.7436,0.85866,0.6360504903,0.2418,0.3462,0.57066,1.24024,1.58644,544.6,2493.6,0.7814
18C-01137-H1XET47,S3,86,1000,20,769.2815087357,1.81992,0.14508,0.38544,0.48554,0.79378,3.854,0.6088,0.945,0.8071041297,0.1796,0.25792,0.4807,0.98974,1.24768,505.4,2453.2,0.7938
18C-01141-H1XET47,S3,276,840,18,748.9525512894,2.21248,0.15314,0.38982,0.4893,0.79586,3.934,0.65272,0.97032,0.8775438594,0.177,0.2393,0.44722,0.92106,1.16034,482,2373.8,0.7958
18C-01142-H1XET47,S3,132,800,15,841.9706957947,5.41176,0.20718,0.44808,0.55082,0.81204,4.3466,0.85564,1.27068,1.0319707302,0.2,0.18754,0.43652,0.80204,0.98958,465.2,2479.4,0.812
18C-01143-H1XET47,S3,236,1190,19,686.4604281378,3.8624,0.19392,0.43346,0.54736,0.79108,3.8022,0.81942,1.22846,0.9858090606,0.1978,0.2159,0.44166,0.81186,1.02772,459.4,2198.8,0.7914
18C-01144-H1XET47,S3,292,1030,19,664.6112810121,3.61228,0.1826,0.42866,0.5434,0.7854,3.8416,0.73758,1.21854,0.8895935389,0.2074,0.26052,0.49192,0.91568,1.1762,508.2,2427.4,0.7856
18C-01145-H1XET47,S3,108,790,9,811.2427532301,1.81054,0.1683,0.39316,0.5093,0.77178,3.4252,0.75224,1.04204,0.8041475164,0.2136,0.2954,0.50076,0.98468,1.28012,499.2,2203,0.7718
18C-01146-H1XET47,S3,142,750,12,692.3593976961,2.89986,0.172,0.40222,0.50826,0.79084,3.8132,0.74878,1.03822,0.9582363272,0.1802,0.22156,0.42172,0.8311,1.05264,457.4,2195.6,0.7908
18C-01011-H1XET47,S4,252,1170,26,613.1103946777,2.76824,0.16916,0.43058,0.55448,0.77726,3.6326,0.64418,1.30354,0.8438153877,0.209,0.29398,0.53736,0.97712,1.27112,601.2,2740.4,0.7774
18C-01012-H1XET47,S4,430,880,23,668.3626899688,2.02916,0.15688,0.4133,0.5395,0.76298,3.3364,0.6219,1.24688,0.7118000902,0.2268,0.36404,0.60058,1.1249,1.48894,646.2,2746.2,0.763
18C-01013-H1XET47,S4,432,1170,31,659.8566448682,2.6588,0.17684,0.4343,0.55414,0.78416,3.6466,0.68562,1.32574,0.7676831768,0.2284,0.2821,0.56386,1.0254,1.30752,668,3125.6,0.7842
18C-01021-H1XET47,S4,216,1060,25,741.7951476156,3.1806,0.1849,0.48252,0.61304,0.78744,3.7864,0.62362,1.6244,0.8444504103,0.2332,0.27374,0.60458,0.97774,1.25148,605.4,2863.4,0.7874
18C-01022-H1XET47,S4,390,560,27,647.267127103,2.25938,0.14868,0.41854,0.54108,0.77314,3.466,0.56182,1.19762,0.7989835189,0.1838,0.29928,0.53616,0.99382,1.29312,599,2651,0.7732
18C-01025-H1XET47,S4,218,890,21,666.9722484486,2.32566,0.1697,0.41144,0.54338,0.75702,3.3758,0.7076,1.1907,0.7534408656,0.2516,0.393,0.6043,1.11258,1.50556,679.8,2885,0.757
18C-01026-H1XET47,S4,316,1440,30,660.7430062726,1.86174,0.15006,0.40498,0.52468,0.77122,3.4322,0.6227,1.17886,0.7885874444,0.195,0.30034,0.52512,0.99574,1.2961,589.2,2604,0.7712
18C-01030-H1XET47,S4,210,990,27,810.9298481162,1.08386,0.12136,0.3407,0.44032,0.77452,3.4456,0.57082,0.82724,0.7041942772,0.176,0.32654,0.49906,1.11472,1.4413,597.2,2651.4,0.7744
18C-01034-H1XET47,S4,544,1320,27,869.999656552,0.80996,0.11352,0.3214,0.42562,0.7592,3.2258,0.56436,0.75848,0.6126675278,0.195,0.42492,0.56172,1.28954,1.71446,659.8,2767.4,0.7592
18C-01037-H1XET47,S4,342,1420,31,647.1113038976,2.98776,0.16964,0.44342,0.55896,0.7932,3.842,0.61842,1.32454,0.9026378902,0.1906,0.23518,0.50154,0.8963,1.13148,588.4,2844.6,0.7934
18C-01042-H1XET47,S4,254,1260,31,856.0569667367,4.7284,0.2018,0.47996,0.59106,0.81258,4.3656,0.74732,1.47426,0.9852792204,0.212,0.20254,0.5142,0.86034,1.06282,573,3050,0.8126
18C-01043-H1XET47,S4,204,850,22,703.4629871951,1.40384,0.13916,0.41364,0.53938,0.7676,3.3638,0.51524,1.19226,0.7061182139,0.211,0.35276,0.62032,1.13686,1.48964,661.2,2890.8,0.7678
18C-01044-H1XET47,S4,660,1250,24,719.3115052004,3.82482,0.18034,0.41826,0.5242,0.79062,3.9772,0.7719,1.15508,0.8845886085,0.2032,0.28142,0.48234,0.96006,1.24144,612.6,2948.8,0.7906
18C-01049-H1XET47,S4,272,1400,24,821.3470526329,1.1889,0.12454,0.37038,0.49378,0.74982,3.0768,0.52568,1.00376,0.7181457696,0.178,0.36968,0.53624,1.0764,1.44612,615.4,2481,0.7498
18C-01052-H1XET47,S4,484,1250,27,686.2745323841,2.96146,0.18246,0.42834,0.54118,0.79118,3.833,0.7565,1.24912,0.8234554528,0.2222,0.2585,0.52414,0.96798,1.22652,609.8,2942,0.7914
18C-01055-H1XET47,S4,244,820,24,708.4682032914,2.0518,0.15804,0.41958,0.5322,0.78854,3.7922,0.6082,1.18638,0.7296277974,0.2208,0.301,0.58866,1.10204,1.40302,637.8,3032,0.7884
18C-01060-H1XET47,S4,308,1100,21,784.7791931909,1.3678666667,0.1322666667,0.3851,0.5098333333,0.7536,3.0853333333,0.5154333333,1.0921333333,0.7396693648,0.1833333333,0.347,0.5328,1.0453333333,1.3923333333,629.6666666667,2549,0.7536666667
18C-01061-H1XET47,S4,424,1280,25,700.2425565933,4.4273,0.19012,0.46144,0.59086,0.77894,3.6014,0.69738,1.49784,0.9113614569,0.2162,0.26942,0.53734,0.91738,1.1868,632.8,2853.6,0.7788
18C-01062-H1XET47,S4,314,910,21,700.7635942717,2.6688,0.17898,0.44332,0.55872,0.79478,3.8964,0.67728,1.29944,0.8063956739,0.2278,0.26046,0.56298,0.999,1.25946,646,3151.2,0.7948
18C-01063-H1XET47,S4,380,1630,23,686.5343671534,3.3174,0.1824,0.42642,0.53626,0.79506,3.9176,0.75118,1.16268,0.9336587301,0.1978,0.22588,0.46508,0.866,1.09188,588.8,2879.8,0.795
18C-01064-H1XET47,S4,252,1270,24,718.6429781573,2.73558,0.16826,0.47178,0.60188,0.78584,3.7826,0.55416,1.56866,0.8532682205,0.2124,0.27502,0.58822,0.96798,1.24296,607.2,2894.2,0.7858
18C-01067-H1XET47,S4,350,970,21,693.3529787028,1.55218,0.14392,0.39902,0.5171,0.7727,3.4242,0.57162,1.0898,0.7333688186,0.203,0.32636,0.57176,1.09156,1.41792,619.2,2724.6,0.7726
18C-01068-H1XET47,S4,272,1410,29,808.0241623305,4.79958,0.2092,0.4867,0.61478,0.79284,3.8862,0.76358,1.61864,1.0133182609,0.2166,0.22036,0.5087,0.81812,1.03846,553.4,2697,0.793
18C-01069-H1XET47,S4,498,1290,22,739.0150548343,1.48708,0.13332,0.36546,0.47202,0.7744,3.5126,0.5825,0.897,0.7654205933,0.1856,0.33572,0.51846,1.09418,1.4299,623.6,2788.8,0.7746
18C-01070-H1XET47,S4,496,1470,24,839.7543717888,0.98102,0.12674,0.35568,0.47544,0.7489,3.0182,0.56374,0.93746,0.6138201945,0.2136,0.43556,0.60444,1.26654,1.70212,686.4,2738.8,0.749
18C-01071-H1XET47,S4,208,1300,27,684.3543871178,1.90322,0.16058,0.4096,0.54174,0.75756,3.214,0.64874,1.18994,0.7559526228,0.2258,0.35376,0.57836,1.05728,1.41106,598.4,2493.2,0.7574
18C-01072-H1XET47,S4,450,970,21,803.2475863798,3.93666,0.1895,0.48416,0.6042,0.80012,4.133,0.64226,1.5465,0.8628471911,0.2342,0.26314,0.599,1.0001,1.2632,599.6,3017.8,0.8002
18C-01073-H1XET47,S4,174,800,23,816.1297683236,1.04748,0.12698,0.36842,0.49064,0.75174,3.0674,0.53248,0.9705,0.6528300659,0.1982,0.39822,0.58262,1.18132,1.57954,667.6,2698.6,0.7518
18C-01074-H1XET47,S4,300,920,20,701.9862277836,4.30074,0.17396,0.44446,0.5603,0.79192,4.0568,0.6397,1.28598,0.975268878,0.189,0.2536,0.49474,0.89066,1.14426,582,2883,0.7918
18C-01076-H1XET47,S4,342,1500,26,736.8159669706,4.54156,0.1998,0.44732,0.56692,0.78938,3.7734,0.839,1.3631,0.9217885314,0.2216,0.24226,0.51104,0.89502,1.13728,593,2814.8,0.7894
18C-01079-H1XET47,S4,200,980,20,685.0188425127,2.64308,0.17612,0.4603,0.591,0.78032,3.594,0.61968,1.50116,0.815928013,0.2244,0.27746,0.5813,0.97326,1.2507,625.4,2860.4,0.7804
18C-01080-H1XET47,S4,156,980,20,811.6205275763,4.36312,0.18384,0.46882,0.57214,0.81776,4.527,0.64796,1.40836,0.9942851106,0.1858,0.18842,0.47778,0.83658,1.025,535.6,2947.8,0.8178
18C-01081-H1XET47,S4,420,1570,25,664.0936040817,1.82262,0.14422,0.41656,0.54014,0.77256,3.4712,0.52874,1.19288,0.8326794976,0.1854,0.30214,0.53604,0.98344,1.28562,597.4,2626.8,0.7724
18C-01083-H1XET47,S4,198,1310,23,717.0883041225,1.27286,0.12834,0.4065,0.52886,0.7705,3.4334,0.46268,1.15068,0.7269439158,0.1894,0.3429,0.5942,1.10742,1.45034,646,2842.2,0.7704
18C-01084-H1XET47,S4,362,1370,27,687.8374619065,2.15584,0.17138,0.413,0.54324,0.76066,3.1958,0.70908,1.30228,0.7180663522,0.2408,0.3392,0.58246,1.06862,1.4078,623,2607.8,0.7606
18C-01089-H1XET47,S4,290,890,22,763.4239108069,2.14568,0.17162,0.36734,0.47798,0.7657,3.3254,0.88904,0.95192,0.7277042123,0.2354,0.33268,0.50276,1.06646,1.39914,624.2,2705.6,0.7656
18C-01090-H1XET47,S4,382,1330,25,733.3635903905,1.76474,0.14014,0.4358,0.55112,0.7912,3.816,0.47272,1.25628,0.7854202397,0.1832,0.2722,0.56658,1.02086,1.29304,607,2910.4,0.7912
18C-01091-H1XET47,S4,370,1000,23,1003.6880030483,0.7289,0.1069,0.29772,0.40524,0.73328,2.8144,0.57144,0.70274,0.6363681142,0.171,0.44392,0.47588,1.18116,1.62504,641.6,2417.4,0.7332
18C-01092-H1XET47,S4,462,1610,25,1047.4469789035,0.94974,0.10578,0.31308,0.43218,0.71114,2.579,0.50828,0.8301,0.6982113437,0.15,0.4701,0.45548,1.07956,1.54968,625.2,2233.2,0.7112
18C-01093-H1XET47,S4,454,980,23,762.1749065611,3.73242,0.1881,0.47956,0.59906,0.80038,4.0272,0.6397,1.5837,0.8892202378,0.2158,0.22808,0.54756,0.91134,1.13944,577.6,2897.8,0.8004
18C-01096-H1XET47,S4,654,1430,25,798.808302011,1.05112,0.1111,0.39634,0.52406,0.7551,3.2282,0.38874,1.1071,0.6718513603,0.1732,0.40906,0.6212,1.1931,1.60216,675.2,2795.2,0.755
18C-01097-H1XET47,S4,470,1410,23,781.0426015823,1.97622,0.16696,0.3803,0.5138,0.73768,2.989,0.7861,1.08696,0.6869396225,0.2602,0.4526,0.59214,1.16816,1.62076,714,2744.6,0.7378
18C-01098-H1XET47,S4,182,890,23,801.0990894986,1.26964,0.13232,0.3306,0.43234,0.76684,3.3596,0.69596,0.77508,0.6906477893,0.201,0.37472,0.5189,1.177,1.5517,632.2,2740.4,0.7668
18C-01099-H1XET47,S4,308,910,21,673.2525983593,2.26112,0.1532,0.42532,0.5424,0.78552,3.7414,0.57066,1.19532,0.874110918,0.1822,0.26416,0.51152,0.93356,1.1977,585.4,2750.2,0.7856
18C-01100-H1XET47,S4,160,1040,25,669.5027411467,1.83422,0.1531,0.43718,0.56972,0.76946,3.4016,0.54732,1.36284,0.7531249281,0.2056,0.31284,0.58808,1.02924,1.3421,577,2532.4,0.7694
18C-01102-H1XET47,S4,220,770,21,684.3034763228,2.25468,0.16434,0.3981,0.52418,0.76238,3.2534,0.7131,1.1687,0.783693499,0.2166,0.32574,0.53802,1.02074,1.34646,626.6,2652.4,0.7624
18C-01103-H1XET47,S4,452,830,27,672.3960873888,1.77526,0.13732,0.42876,0.55284,0.77534,3.5294,0.47042,1.24106,0.7853255281,0.181,0.31598,0.57736,1.04616,1.36216,624.4,2773.6,0.7754
18C-01104-H1XET47,S4,324,980,23,655.7307330127,2.29022,0.16466,0.44372,0.57106,0.77786,3.5444,0.59124,1.35348,0.806154252,0.2154,0.29596,0.58156,1.01096,1.30694,613.4,2757.6,0.7778
18C-01105-H1XET47,S4,212,1130,21,859.9393144377,0.93506,0.12702,0.36946,0.50446,0.73412,2.8336,0.53092,1.04912,0.616999975,0.2108,0.44478,0.60968,1.20296,1.64772,685.2,2591.6,0.734
18C-01110-H1XET47,S4,220,1030,19,699.8028922609,1.89728,0.16152,0.3943,0.51836,0.76302,3.2778,0.70136,1.12034,0.7725846277,0.216,0.32004,0.52718,1.00632,1.32638,649.4,2750,0.7628
18C-01111-H1XET47,S4,112,650,18,657.8838044461,2.3564,0.17474,0.4216,0.54232,0.77774,3.5242,0.73748,1.24776,0.7577159655,0.2328,0.2993,0.56608,1.03792,1.3372,632.4,2851.4,0.7776
18C-01113-H1XET47,S4,166,870,20,664.9208812807,3.4439,0.19146,0.46406,0.59436,0.7816,3.5976,0.7026,1.48872,0.9324494076,0.2092,0.23872,0.50668,0.8477,1.0864,533.2,2442,0.7818
18C-01116-H1XET47,S4,262,970,23,732.0513102723,1.7401,0.13532,0.40946,0.54306,0.74998,3.1736,0.50008,1.3315,0.7633541422,0.1818,0.36592,0.54548,1.03846,1.40436,672,2791.6,0.7498
18C-01117-H1XET47,S4,436,1460,27,760.9820972129,1.25046,0.126,0.36868,0.48376,0.75786,3.4014,0.51466,0.96908,0.6152906068,0.2216,0.49898,0.6542,1.38328,1.88228,697.6,2964.4,0.7576
18C-01118-H1XET47,S4,186,915,22,790.8920291121,1.20828,0.12556,0.35674,0.4591,0.77886,3.6094,0.5467,0.85514,0.7252055038,0.1872,0.33932,0.53136,1.14088,1.48016,625.6,2851.4,0.7788
18C-01120-H1XET47,S4,478,1310,23,733.6374131728,1.31038,0.13802,0.39346,0.51502,0.76592,3.3188,0.53842,1.09146,0.6994016765,0.2082,0.35238,0.59052,1.12972,1.4821,648.6,2777.2,0.7662
18C-01121-H1XET47,S4,112,760,19,684.6467082621,2.82908,0.17118,0.45646,0.58042,0.7854,3.7452,0.6028,1.4163,0.7879389209,0.219,0.29252,0.59322,1.03114,1.32366,596.6,2793.4,0.7852
18C-01122-H1XET47,S4,370,1000,23,888.9148754879,0.90492,0.11736,0.343,0.46166,0.73632,2.91,0.52898,0.90448,0.6135057381,0.198,0.49032,0.57628,1.27114,1.76148,660.6,2557.2,0.7364
18C-01124-H1XET47,S4,288,1330,24,697.5576912205,2.47996,0.1729,0.45,0.5891,0.7639,3.235,0.6241,1.4336,0.6278552,0.275,0.3761,0.7168,1.2168,1.5929,680,2880,0.764
18C-01125-H1XET47,S4,442,930,25,666.16032113,2.31904,0.2017,0.4752,0.6228,0.763,3.219,0.7376,1.6509,0.8325241539,0.242,0.2847,0.5707,0.9164,1.2011,611,2578,0.763
18C-01126-H1XET47,S4,168,1310,18,617.2524456376,2.78652,0.178,0.4053,0.5055,0.8018,4.045,0.7832,1.0224,1.015072946,0.175,0.1953,0.3994,0.7901,0.9854,559,2820,0.802
18C-01129-H1XET47,S4,220,810,16,804.8275288258,4.27616,0.1756,0.4746,0.6324,0.7505,3.007,0.5875,1.7202,0.6329201102,0.277,0.394,0.7492,1.1848,1.5788,682,2733,0.75
18C-01132-H1XET47,S4,404,1310,25,775.2090827594,1.15006,0.1585,0.3625,0.4709,0.7697,3.342,0.7769,0.8902,0.9188249887,0.173,0.2508,0.3947,0.8382,1.0889,587,2549,0.77
18C-01133-H1XET47,S4,288,1380,25,712.5116538929,1.75142,0.1646,0.3945,0.4967,0.7943,3.86,0.716,0.9867,0.8918103102,0.184,0.2306,0.4422,0.8903,1.1209,580,2819,0.794
18C-01134-H1XET47,S4,496,1120,25,698.609368168,1.6362,0.1485,0.4375,0.5752,0.7605,3.175,0.5137,1.3542,0.7155319149,0.207,0.3345,0.6109,1.0621,1.3966,605,2526,0.76
18C-01135-H1XET47,S4,188,1180,21,727.5444125039,1.56592,0.1451,0.3323,0.4223,0.7869,3.693,0.7751,0.7311,0.8676524809,0.167,0.2456,0.3831,0.9071,1.1527,577,2708,0.787
18C-01136-H1XET47,S4,288,1260,28,662.2294452263,2.21696,0.1392,0.4126,0.5622,0.7339,2.758,0.5093,1.284,0.5807793241,0.24,0.4583,0.7105,1.2638,1.722,627,2356,0.734
18C-01137-H1XET47,S4,146,1150,22,762.4036463868,1.23808,0.1617,0.4026,0.5607,0.7181,2.547,0.6709,1.2762,0.5510436758,0.293,0.5115,0.7305,1.3029,1.8145,647,2295,0.718
18C-01141-H1XET47,S4,336,990,22,631.4119953633,3.77406,0.215,0.43,0.5446,0.7895,3.751,1,1.1958,1.0111467116,0.213,0.2083,0.4255,0.7813,0.9895,562,2670,0.79
18C-01142-H1XET47,S4,316,930,19,664.5704472176,3.37104,0.1315,0.3604,0.4965,0.7259,2.649,0.5744,0.9859,0.4879084357,0.269,0.5617,0.7387,1.4879,2.0496,692,2525,0.726
18C-01143-H1XET47,S4,194,1460,23,769.6060092517,1.3446,0.1428,0.4279,0.5653,0.7571,3.116,0.5006,1.3002,0.5442737347,0.262,0.4462,0.7861,1.3906,1.8368,713,2935,0.757
18C-01144-H1XET47,S4,382,1400,27,646.820340306,2.2694,0.189,0.4148,0.5218,0.795,3.877,0.8368,1.0911,0.8857618826,0.213,0.2315,0.4683,0.8975,1.129,651,3175,0.795
18C-01145-H1XET47,S4,122,820,13,693.8588253396,2.13582,0.1426,0.4059,0.555,0.7314,2.723,0.5418,1.2471,0.5991803279,0.238,0.448,0.677,1.2199,1.6679,708,2636,0.731
18C-01146-H1XET47,S4,256,860,17,754.1040420749,1.39194,0.1803,0.3932,0.4894,0.8034,4.087,0.847,0.9584,1.075299764,0.168,0.1827,0.3654,0.7467,0.9294,507,2579,0.803
