"SNP","Chr","Pos","P.value","MAF","H.B.P.Value","Effect","Model","Type","Trait","negLog10_P","negLog10_HBP","Threshold"
"S1_17462583",1,17462583,0.0000000000000326193934170178,0.0753424657534246,0.00000000143332876613718,-0.721319018463931,"FarmCPU","","DTA",13.4865241192642,8.84365418298513,"Significant"
"S5_53626755",5,53626755,0.000000000000464292400812561,0.147260273972603,0.0000000204014723841047,-0.494572453408566,"FarmCPU","","Factor5",12.3332084244798,7.69033848820073,"Significant"
"S3_180327352",3,180327352,0.00000000000402048565426518,0.222602739726027,0.000000176664160134066,-0.343474167539871,"FarmCPU","","Factor4",11.3957214831772,6.75285154689812,"Significant"
"S4_34337812",4,34337812,0.0000000000115842891475684,0.133561643835616,0.000000509025249433301,-0.328197681228302,"FarmCPU","","PC3",10.9361306108822,6.29326067460316,"Significant"
"S4_34337812",4,34337812,0.0000000000375976324557053,0.133561643835616,0.00000165207756773615,-0.415078223054455,"FarmCPU","","9804",10.4248395019818,5.78196956570272,"Significant"
"S1_213460018",1,213460018,0.0000000000709968304098134,0.164383561643836,0.00000311967172503761,-0.456796731784789,"FarmCPU","","Factor7",10.148761039538,5.50589110325895,"Significant"
"S4_176870778",4,176870778,0.0000000000749189289715823,0.339041095890411,0.0000032920126579403,-0.290707446736695,"FarmCPU","","8928",10.1254084398533,5.48253850357427,"Significant"
"S1_93075304",1,93075304,0.000000000105075305072126,0.143835616438356,0.00000461711398017427,-0.42190569294167,"FarmCPU","","9171",9.97849934040462,5.33562940412555,"Significant"
"S1_28862295",1,28862295,0.000000000124083623990166,0.284246575342466,0.00000545235852175187,-0.425970139092203,"FarmCPU","","PH",9.90628553099113,5.26341559471206,"Significant"
"S4_34337812",4,34337812,0.000000000144740542950097,0.133561643835616,0.00000636004419777021,-0.500630096273475,"FarmCPU","","9966",9.83940980258333,5.19653986630426,"Significant"
"S6_164689601",6,164689601,0.000000000256029023283617,0.263698630136986,0.00000971461727070783,0.373904817398956,"FarmCPU","","PC2",9.59171080055742,5.01257430473933,"Significant"
"S4_34337812",4,34337812,0.000000000386844666486844,0.133561643835616,0.0000169983414900984,-0.369875057547301,"FarmCPU","","9748",9.41246338647938,4.76959345020031,"Significant"
"S2_216989050",2,216989050,0.000000000442166417273518,0.428082191780822,0.00000971461727070783,0.352103914479926,"FarmCPU","","PC2",9.35441424535442,5.01257430473933,"Significant"
"S4_34337812",4,34337812,0.000000000599934497845496,0.133561643835616,0.0000263617217698289,-0.474555271199134,"FarmCPU","","9914",9.22189616424496,4.57902622796588,"Significant"
"S4_176870778",4,176870778,0.00000000092062828298509,0.339041095890411,0.0000404533273826478,-0.242229384037452,"FarmCPU","","9220",9.03591568710479,4.39304575082571,"Significant"
"S9_138765007",9,138765007,0.00000000207002287002893,0.270547945205479,0.0000454794374659706,0.292174683186683,"FarmCPU","","Factor5",8.68402485634381,4.34218491572871,"Significant"
"S4_34337812",4,34337812,0.00000000283085079991535,0.133561643835616,0.00012439041499908,-0.410951132844928,"FarmCPU","","9860",8.5480830195367,3.90521308325762,"Significant"
"S6_133355163",6,133355163,0.00000000394506822956683,0.407534246575342,0.0000577834143584653,0.249655949165743,"FarmCPU","","Factor5",8.40394548130928,4.23819679974987,"Significant"
"S3_128881882",3,128881882,0.00000000405963481421076,0.342465753424658,0.0000891922066856175,-0.175708805222998,"FarmCPU","","PC3",8.39151303176918,4.04967309115409,"Significant"
"S7_10651835",7,10651835,0.00000000499542446462409,0.294520547945205,0.000109751973200024,-0.218420928370331,"FarmCPU","","9220",8.30142760357175,3.95958766295665,"Significant"
"S1_93075304",1,93075304,0.00000000546851651231496,0.143835616438356,0.000240292084067632,-0.387582098079459,"FarmCPU","","9119",8.26213047218501,3.61926053590593,"Significant"
"S3_181751868",3,181751868,0.00000000782455001353441,0.198630136986301,0.000171909276072358,-0.276435267034818,"FarmCPU","","8928",8.10654062914998,3.76470068853489,"Significant"
"S1_93075304",1,93075304,0.00000000838813732968167,0.143835616438356,0.000238063290149582,-0.444450925104734,"FarmCPU","","8980",8.07633446792597,3.62330756853724,"Significant"
"S3_21463409",3,21463409,0.00000000962732136783285,0.441780821917808,0.000141011376074648,-0.30623838887313,"FarmCPU","","PC2",8.01649453083914,3.85074584927973,"Significant"
"S7_10651835",7,10651835,0.0000000102016185159382,0.294520547945205,0.000383017730174302,-0.209035505723051,"FarmCPU","","9318",7.99133092071079,3.41678112175295,"Significant"
"S4_176870778",4,176870778,0.0000000108355881818612,0.339041095890411,0.000238063290149582,-0.260995599732186,"FarmCPU","","8980",7.96514750915233,3.62330756853724,"Significant"
"S4_34337812",4,34337812,0.0000000116049665682888,0.133561643835616,0.000254966917988589,-0.383840106233447,"FarmCPU","","9119",7.93535610632643,3.59351616571133,"Significant"
"S1_24677175",1,24677175,0.0000000121130142318148,0.0582191780821918,0.000266128979180087,-0.610981296674345,"FarmCPU","","PH",7.91674777251711,3.57490783190201,"Significant"
"S5_59808612",5,59808612,0.0000000122718696675791,0.143835616438356,0.000232996896471489,0.444491147320177,"FarmCPU","","Factor4",7.91108926576079,3.63264986375631,"Significant"
"S7_10651835",7,10651835,0.0000000126342186577481,0.294520547945205,0.000388890451891005,-0.209789494377323,"FarmCPU","","9277",7.89845161113394,3.41017271959863,"Significant"
"S7_25506609",7,25506609,0.0000000154073565384716,0.349315068493151,0.000338507326828491,0.250996667102397,"FarmCPU","","DTA",7.81227186739675,3.47043192678165,"Significant"
"S1_102089250",1,102089250,0.0000000159074825200716,0.335616438356164,0.000232996896471489,-0.243177944699289,"FarmCPU","","Factor4",7.79839854531573,3.63264986375631,"Significant"
"S1_93075304",1,93075304,0.0000000163929058829545,0.143835616438356,0.000240106892467635,-0.389868830858747,"FarmCPU","","8928",7.78534405453989,3.61959537298047,"Significant"
"S5_212178425",5,212178425,0.0000000164715098511645,0.0924657534246576,0.000180943653592504,-0.683197317419759,"FarmCPU","","PC2",7.78326658965992,3.74245664470881,"Significant"
"S4_176870778",4,176870778,0.0000000175726201790006,0.339041095890411,0.000772158503285467,-0.209298550410209,"FarmCPU","","9410",7.7551634778649,3.11229354158582,"Significant"
"S4_176870778",4,176870778,0.0000000176690475270676,0.339041095890411,0.000383017730174302,-0.213800365549836,"FarmCPU","","9318",7.75278686106979,3.41678112175295,"Significant"
"S4_176870778",4,176870778,0.0000000177005735823493,0.339041095890411,0.000388890451891005,-0.21565131477613,"FarmCPU","","9277",7.75201266021372,3.41017271959863,"Significant"
"S4_176870778",4,176870778,0.0000000204635719432998,0.339041095890411,0.000899189814760534,-0.206992922199671,"FarmCPU","","9356",7.68901855733606,3.04614862105699,"Significant"
"S5_182966544",5,182966544,0.0000000218502534479735,0.154109589041096,0.000960121986757403,0.520709730422235,"FarmCPU","","PC7",7.66054352114583,3.01767358486675,"Significant"
"S3_197403687",3,197403687,0.0000000240803387746376,0.301369863013699,0.000529057083048176,0.250141877420823,"FarmCPU","","9966",7.61833740749225,3.27649746687716,"Significant"
"S4_34337812",4,34337812,0.0000000261499098910563,0.133561643835616,0.000383017730174302,-0.339258780661417,"FarmCPU","","9318",7.58252980331236,3.41678112175295,"Significant"
"S2_221753845",2,221753845,0.0000000303249180512425,0.178082191780822,0.00133250722408965,-0.280971582067522,"FarmCPU","","8755",7.51820036407858,2.8753304277995,"Significant"
"S10_145125881",10,145125881,0.0000000334676742734923,0.195205479452055,0.000735301537625762,0.272322198461733,"FarmCPU","","9860",7.47537446646753,3.13353452585243,"Significant"
"S10_145125881",10,145125881,0.0000000335587313538623,0.195205479452055,0.000737302107210031,0.308077247564467,"FarmCPU","","9914",7.47419446549624,3.13235452488114,"Significant"
"S1_27303558",1,27303558,0.0000000355670469584503,0.089041095890411,0.000781425805200633,0.333018106629424,"FarmCPU","","9804",7.44895219168488,3.10711225106978,"Significant"
"S3_188325271",3,188325271,0.000000035762014922336,0.476027397260274,0.000523806232567455,-0.318726841174164,"FarmCPU","","PH",7.44657801993765,3.28082933837824,"Significant"
"S4_34337812",4,34337812,0.0000000360456804341598,0.133561643835616,0.000527961081319138,-0.339227823051803,"FarmCPU","","9277",7.44314677188791,3.27739809032849,"Significant"
"S2_1563603",2,1563603,0.0000000428231090201079,0.047945205479452,0.000470422558363141,0.752337163847654,"FarmCPU","","Factor5",7.3683218054848,3.32751186053368,"Significant"
"S4_176870778",4,176870778,0.0000000471126297846166,0.339041095890411,0.00207017606536584,-0.195199942054423,"FarmCPU","","9530",7.32686265315783,2.68399271687875,"Significant"
"S4_176870778",4,176870778,0.0000000515819801968693,0.339041095890411,0.00202961676523676,-0.19402656673425,"FarmCPU","","9578",7.28750198961053,2.69258595837021,"Significant"
"S1_288490496",1,288490496,0.0000000558084002582878,0.116438356164384,0.00122613845787471,0.42156092234665,"FarmCPU","","Factor7",7.25330042630892,2.91146048569382,"Significant"
"S1_187590405",1,187590405,0.0000000570914186077095,0.482876712328767,0.000501730805008273,-0.272193568530376,"FarmCPU","","PC2",7.24342916550889,3.29952923356583,"Significant"
"S3_9035477",3,9035477,0.0000000701350229538506,0.35958904109589,0.000770450760903788,-0.22911567407376,"FarmCPU","","Factor4",7.15406505653794,3.11325511158682,"Significant"
"S1_46848879",1,46848879,0.0000000713552731932683,0.376712328767123,0.000783855514846351,0.215748444386587,"FarmCPU","","8928",7.14657392676635,3.10576398181524,"Significant"
"S6_118696983",6,118696983,0.0000000783939604421369,0.167808219178082,0.00344470901578794,-0.337069125067895,"FarmCPU","","Factor2",7.10571739455648,2.4628474582774,"Significant"
"S4_34337812",4,34337812,0.0000000923791795924883,0.133561643835616,0.00202961676523676,-0.294331644098748,"FarmCPU","","9578",7.03442589898531,2.69258595837021,"Significant"
"S1_32580170",1,32580170,0.0000000931597044290015,0.294520547945205,0.00126905115908775,0.25852352291633,"FarmCPU","","DTA",7.03077189803621,2.89652086989768,"Significant"
"S4_34337812",4,34337812,0.0000000934463150140034,0.133561643835616,0.00174603278205045,-0.34996594949252,"FarmCPU","","9171",7.02943782002767,2.75794760660412,"Significant"
"S3_134014997",3,134014997,0.0000000979611195543968,0.407534246575342,0.00107612738858494,0.30682744057054,"FarmCPU","","PH",7.00894626015902,2.9681363152079,"Significant"
"S2_22193492",2,22193492,0.000000110745593132493,0.11986301369863,0.00162209070261162,-0.28533439749538,"FarmCPU","","PC3",6.95567354651636,2.78992486495694,"Significant"
"S1_93075304",1,93075304,0.000000114176811552219,0.143835616438356,0.00167234775880535,-0.304444631418064,"FarmCPU","","9804",6.94242208906284,2.77667340750343,"Significant"
"S9_138765007",9,138765007,0.000000115523193289889,0.270547945205479,0.00126905115908775,0.289301320779113,"FarmCPU","","DTA",6.93733081484879,2.89652086989768,"Significant"
"S1_27303558",1,27303558,0.000000119207536154192,0.089041095890411,0.00174603278205045,0.359923927608233,"FarmCPU","","9171",6.92369628816354,2.75794760660412,"Significant"
"S4_34337812",4,34337812,0.000000119213546485149,0.133561643835616,0.00261918122305196,-0.292272762730935,"FarmCPU","","9530",6.92367439199949,2.58183445138439,"Significant"
"S4_34337812",4,34337812,0.00000012125597267383,0.133561643835616,0.00266405434763039,-0.298632100521068,"FarmCPU","","9410",6.91629686026877,2.57445691965368,"Significant"
"S9_100310640",9,100310640,0.000000127739178529788,0.35958904109589,0.00411012777058987,-0.226728471475802,"FarmCPU","","8672",6.89367588104736,2.38614467710213,"Significant"
"S1_9058500",1,9058500,0.000000132610717433395,0.267123287671233,0.00291352376737041,-0.457786431650846,"FarmCPU","","PC7",6.87742137537248,2.53558143475738,"Significant"
"S4_34337812",4,34337812,0.00000014437782539819,0.133561643835616,0.00589511743369879,-0.299147126959575,"FarmCPU","","9472",6.84049950376578,2.22950753911861,"Significant"
"S1_3199279",1,3199279,0.00000014503030750756,0.455479452054795,0.00106212945703162,-0.268092286202224,"FarmCPU","","PC2",6.83854123219329,2.97382254629785,"Significant"
"S1_93075304",1,93075304,0.000000157466931334228,0.143835616438356,0.00345962721487866,-0.323516337676523,"FarmCPU","","9356",6.80281063582329,2.46097069520819,"Significant"
"S3_181751868",3,181751868,0.000000168300188050981,0.198630136986301,0.00246509285438272,-0.260531324478337,"FarmCPU","","8980",6.77391539876299,2.60816671720357,"Significant"
"S1_271126956",1,271126956,0.00000017290380854832,0.106164383561644,0.00151951325028435,0.325788564126241,"FarmCPU","","Factor4",6.76219544042589,2.81829550848283,"Significant"
"S3_11397901",3,11397901,0.000000192484960441773,0.373287671232877,0.00422899082338597,0.297419423879992,"FarmCPU","","Factor2",6.71560319785579,2.3737632572407,"Significant"
"S4_234499424",4,234499424,0.000000212294112761854,0.171232876712329,0.00186568312177372,-0.575474083446738,"FarmCPU","","PH",6.67306204931253,2.72916211736948,"Significant"
"S1_27303558",1,27303558,0.000000220829703581632,0.089041095890411,0.00323449266836016,0.362680802686514,"FarmCPU","","9914",6.65594251049915,2.49019382893973,"Significant"
"S3_180516333",3,180516333,0.000000243361689262466,0.0616438356164384,0.00268841522810406,-0.437943807174206,"FarmCPU","","9966",6.61374778868382,2.57050365327169,"Significant"
"S3_11534119",3,11534119,0.000000244729544444055,0.0547945205479452,0.00268841522810406,-0.458313026149859,"FarmCPU","","9966",6.61131359822281,2.57050365327169,"Significant"
"S1_93075304",1,93075304,0.000000246230337425795,0.143835616438356,0.00411012777058987,-0.353670400792378,"FarmCPU","","8672",6.6086584397681,2.38614467710213,"Significant"
"S1_27303558",1,27303558,0.000000248151891352474,0.089041095890411,0.00363468075263969,0.336645397479361,"FarmCPU","","9119",6.60528241036868,2.43953372880927,"Significant"
"S4_176870778",4,176870778,0.000000268319675642283,0.339041095890411,0.00589511743369879,-0.189099460115807,"FarmCPU","","9472",6.57134747973371,2.22950753911861,"Significant"
"S1_187590454",1,187590454,0.000000279114498404658,0.407534246575342,0.00204409502906652,0.208145546905496,"FarmCPU","","Factor4",6.5542176038066,2.68949891791117,"Significant"
"S8_93032415",8,93032415,0.000000280612259888706,0.407534246575342,0.00411012777058987,-0.198382109720551,"FarmCPU","","8672",6.55189335866154,2.38614467710213,"Significant"
"S2_22193492",2,22193492,0.000000296391293186329,0.11986301369863,0.00325593245347512,-0.353132392651956,"FarmCPU","","9318",6.52813455837379,2.48732461342267,"Significant"
"S3_207147899",3,207147899,0.000000313045564155073,0.25,0.00275110702690762,0.472791351732244,"FarmCPU","","DTA",6.50439244577321,2.56049251383015,"Significant"
"S2_22193492",2,22193492,0.000000314724537442653,0.11986301369863,0.00345732772494191,-0.357171451273115,"FarmCPU","","9277",6.50206939607465,2.46125945112353,"Significant"
"S9_22056071",9,22056071,0.000000338399239653269,0.0993150684931506,0.00297392019792086,0.344780419501682,"FarmCPU","","Factor5",6.47057062144495,2.5266706895019,"Significant"
"S4_34337812",4,34337812,0.000000345953025248983,0.133561643835616,0.011283204255402,-0.293125898991755,"FarmCPU","","8809",6.46098286727701,1.94756754992485,"Significant"
"S4_176870778",4,176870778,0.000000359911435535212,0.339041095890411,0.00395371709721319,-0.186591732373737,"FarmCPU","","9804",6.44380435420583,2.40299440925471,"Significant"
"S4_34337812",4,34337812,0.0000004245998472078,0.133561643835616,0.00621911396205265,-0.279889532624644,"FarmCPU","","9220",6.37202016645081,2.20627148489139,"Significant"
"S6_133355163",6,133355163,0.000000443641204767209,0.407534246575342,0.00324900636311266,0.211593683172204,"FarmCPU","","DTA",6.35296812399274,2.4882494380973,"Significant"
"S6_137414750",6,137414750,0.000000451515627687894,0.133561643835616,0.00462899491736202,0.262609281209324,"FarmCPU","","8672",6.34532721345422,2.33451329607241,"Significant"
"S8_152247299",8,152247299,0.000000513561560064721,0.0513698630136986,0.011283204255402,-0.396469602784266,"FarmCPU","","8809",6.28940749053994,1.94756754992485,"Significant"
"S2_211479359",2,211479359,0.000000526728444660115,0.041095890410959,0.00462899491736202,0.644670263604339,"FarmCPU","","8672",6.27841322801547,2.33451329607241,"Significant"
"S9_149544346",9,149544346,0.00000057027257965475,0.462328767123288,0.00417639123710156,0.265438604282263,"FarmCPU","","PH",6.24391751004023,2.37919882414479,"Significant"
"S4_34337812",4,34337812,0.000000607083542991146,0.133561643835616,0.00533517159251479,-0.310976604271265,"FarmCPU","","8928",6.21675153995691,2.27285160801385,"Significant"
"S3_48300025",3,48300025,0.000000607192500553379,0.123287671232877,0.00889354855560534,0.334421721129678,"FarmCPU","","9356",6.21667360105921,2.0509249194998,"Significant"
"S1_17690003",1,17690003,0.000000658804769011051,0.116438356164384,0.00578970807102292,-0.494668976651502,"FarmCPU","","9966",6.18124326568369,2.23734333374064,"Significant"
"S1_93075304",1,93075304,0.0000007272170505258,0.143835616438356,0.0275948815368967,-0.313655540982717,"FarmCPU","","9052",6.13833594708194,1.55917146599381,"Significant"
"S7_18775749",7,18775749,0.000000736595044226959,0.0582191780821918,0.0080916807095942,0.366121379681971,"FarmCPU","","9171",6.1327712073819,2.09196126243079,"Significant"
"S8_93032415",8,93032415,0.000000788550885263109,0.407534246575342,0.00866242861233656,-0.150095548612861,"FarmCPU","","PC3",6.10317027636687,2.06236033141576,"Significant"
"S9_115765087",9,115765087,0.000000845981334889947,0.36986301369863,0.0123910886121331,-0.319891415632158,"FarmCPU","","PC7",6.07263921880935,1.90689053724993,"Significant"
"S8_93032415",8,93032415,0.000000896506203537452,0.407534246575342,0.0147935455118604,-0.173945904964907,"FarmCPU","","8755",6.04744670091188,1.82992772784873,"Significant"
"S1_46848879",1,46848879,0.000000900072465346163,0.376712328767123,0.00988752104994394,0.224067817664646,"FarmCPU","","8980",6.04572252385729,2.00491257890617,"Significant"
"S4_176870778",4,176870778,0.000000922132107041568,0.339041095890411,0.0101298517288784,-0.19749459602783,"FarmCPU","","9119",6.0352068563333,1.99439691138219,"Significant"
"S3_128881882",3,128881882,0.00000106257048956878,0.342465753424658,0.00933808197642835,-0.15314465912972,"FarmCPU","","9277",5.97364224978089,2.02974231783783,"Significant"
"S3_10455476",3,10455476,0.00000107465977002739,0.246575342465753,0.0118054062386934,0.200687360486288,"FarmCPU","","9220",5.96872900866663,1.92791906371551,"Significant"
"S3_204994023",3,204994023,0.00000109953035132002,0.428082191780822,0.0161048210557843,-0.188839956734639,"FarmCPU","","8809",5.95879277791859,1.79304409635917,"Significant"
"S8_27118357",8,27118357,0.00000122349012625402,0.287671232876712,0.0107522759275456,-0.202321303582377,"FarmCPU","","9119",5.91239953111865,1.96849959917559,"Significant"
"S3_128881882",3,128881882,0.00000123208800333544,0.342465753424658,0.0108278357909125,-0.150149716099624,"FarmCPU","","9318",5.90935827106932,1.96545833912626,"Significant"
"S10_145125881",10,145125881,0.0000012828848140489,0.195205479452055,0.0112742483228245,0.177400945983291,"FarmCPU","","PC3",5.89181233572847,1.94791240378541,"Suggestive"
"S3_197403687",3,197403687,0.00000130893865023995,0.301369863013699,0.0147935455118604,0.177135246856545,"FarmCPU","","8755",5.88308070829007,1.82992772784873,"Suggestive"
"S4_176870778",4,176870778,0.00000132659054850735,0.339041095890411,0.0274520345878086,-0.169441696282715,"FarmCPU","","9748",5.87726310122257,1.56142546259774,"Suggestive"
"S4_34337812",4,34337812,0.00000134667354059857,0.133561643835616,0.0147935455118604,-0.23442966455113,"FarmCPU","","8755",5.87073767279984,1.82992772784873,"Suggestive"
"S5_10173678",5,10173678,0.00000155023155792359,0.13013698630137,0.0113531208144534,-0.278859992899222,"FarmCPU","","8928",5.80960342646362,1.94488474056819,"Suggestive"
"S4_235761858",4,235761858,0.00000157175968125915,0.383561643835616,0.00986638459345835,0.248500154712505,"FarmCPU","","PH",5.80361385593118,2.00584195966636,"Suggestive"
"S8_4360505",8,4360505,0.00000166897049593658,0.116438356164384,0.0122227054269916,-0.282377527282497,"FarmCPU","","Factor5",5.77755134071152,1.91283265481609,"Suggestive"
"S5_83865189",5,83865189,0.00000167407126513274,0.339041095890411,0.0245201218203993,0.226833818939767,"FarmCPU","","Factor2",5.77622605805416,1.61047737649474,"Suggestive"
"S1_93075304",1,93075304,0.00000173471568809411,0.143835616438356,0.0254083806835144,-0.269135133207647,"FarmCPU","","9530",5.7607716939047,1.59502301234529,"Suggestive"
"S8_4883510",8,4883510,0.00000177532254585338,0.386986301369863,0.0156018895974687,0.160404569385856,"FarmCPU","","9171",5.7507227315337,1.80682279959065,"Suggestive"
"S2_22193492",2,22193492,0.00000187424282022316,0.11986301369863,0.0274520345878086,-0.300415843538274,"FarmCPU","","9748",5.72717414415715,1.56142546259774,"Suggestive"
"S7_10651835",7,10651835,0.0000019239880247385,0.294520547945205,0.0116978442983696,-0.127548163598543,"FarmCPU","","PC3",5.71579763541992,1.93189416351714,"Suggestive"
"S2_4415515",2,4415515,0.00000199366727994178,0.0958904109589042,0.0116978442983696,-0.294318431949026,"FarmCPU","","PC3",5.70034731871353,1.93189416351714,"Suggestive"
"S1_93075304",1,93075304,0.00000202589893377046,0.143835616438356,0.029673341682936,-0.26585660963111,"FarmCPU","","9578",5.69338222412905,1.52763354256964,"Suggestive"
"S3_10843412",3,10843412,0.00000206780338068235,0.184931506849315,0.0151435580584272,0.239457519753538,"FarmCPU","","9119",5.68449075897476,1.81977207307932,"Suggestive"
"S4_34337812",4,34337812,0.00000208139039121099,0.133561643835616,0.0275948815368967,-0.308102434115695,"FarmCPU","","9052",5.68164645470063,1.55917146599381,"Suggestive"
"S8_27118357",8,27118357,0.00000208637333975625,0.287671232876712,0.0275948815368967,-0.194505479112756,"FarmCPU","","9052",5.68060797544526,1.55917146599381,"Suggestive"
"S9_100310640",9,100310640,0.00000209465196207561,0.35958904109589,0.023010275466391,-0.174525428457371,"FarmCPU","","9356",5.67888812711613,1.63807818216502,"Suggestive"
"S4_176870778",4,176870778,0.00000212973656464252,0.339041095890411,0.0116978442983696,-0.141316800545741,"FarmCPU","","PC3",5.67167411280427,1.93189416351714,"Suggestive"
"S2_148232124",2,148232124,0.00000216271644596954,0.486301369863014,0.0135759890503354,0.227883873516293,"FarmCPU","","DTA",5.6650004172337,1.86722852096887,"Suggestive"
"S3_197403687",3,197403687,0.00000223187161316454,0.301369863013699,0.0245176676385158,0.212807647199035,"FarmCPU","","9914",5.65133079149874,1.61052084654762,"Suggestive"
"S8_104615021",8,104615021,0.00000234816020398301,0.089041095890411,0.0167535931570417,0.300857940372821,"FarmCPU","","8672",5.62927227653331,1.77589203513912,"Suggestive"
"S4_149527022",4,149527022,0.00000245911045629613,0.0753424657534246,0.0154365389371583,0.313188053560437,"FarmCPU","","Factor4",5.60922196354167,1.81145006727685,"Suggestive"
"S3_181751868",3,181751868,0.00000251199394978691,0.198630136986301,0.0275948815368967,-0.212603993380549,"FarmCPU","","9052",5.59998141094492,1.55917146599381,"Suggestive"
"S2_4415515",2,4415515,0.00000251628291297074,0.0958904109589042,0.0368559958262825,-0.399326643452805,"FarmCPU","","9860",5.599240531496,1.43349184993658,"Suggestive"
"S4_34337812",4,34337812,0.00000266892314920671,0.133561643835616,0.0167535931570417,-0.293794049783416,"FarmCPU","","8672",5.57366393140394,1.77589203513912,"Suggestive"
"S4_240330666",4,240330666,0.00000267169224516372,0.386986301369863,0.0146746036180924,-0.232404970361261,"FarmCPU","","PH",5.57321357012047,1.83343362083334,"Suggestive"
"S3_181751868",3,181751868,0.00000275761382501467,0.198630136986301,0.0201953848474949,-0.188694388064737,"FarmCPU","","9277",5.55946655230372,1.69474786640828,"Suggestive"
"S7_10651835",7,10651835,0.00000286456546780796,0.294520547945205,0.0314679678052374,-0.152940990280969,"FarmCPU","","9748",5.54294124777889,1.50213130282777,"Suggestive"
"S3_181751868",3,181751868,0.00000316343744812666,0.198630136986301,0.022053939905582,-0.185515666702711,"FarmCPU","","9318",5.49984074859285,1.65651381316197,"Suggestive"
"S6_152431553",6,152431553,0.00000317995292192507,0.273972602739726,0.0199614730489013,0.196251509707874,"FarmCPU","","Factor5",5.49757930954371,1.6998074132789,"Suggestive"
"S3_128881882",3,128881882,0.00000318067260946326,0.342465753424658,0.0274733134681521,-0.153476065037995,"FarmCPU","","9220",5.49748103105638,1.56108895855712,"Suggestive"
"S7_14606616",7,14606616,0.00000337818441824936,0.202054794520548,0.0396344072442994,-0.26691624111083,"FarmCPU","","Factor7",5.47131664557559,1.40192763254955,"Suggestive"
"S5_31422672",5,31422672,0.00000351329235427218,0.089041095890411,0.022053939905582,0.33336392519762,"FarmCPU","","9318",5.45428570942679,1.65651381316197,"Suggestive"
"S7_10651835",7,10651835,0.00000353236122285233,0.294520547945205,0.0310430968986708,-0.194822439353063,"FarmCPU","","8980",5.45193489142798,1.50803495948493,"Suggestive"
"S1_293944923",1,293944923,0.00000359468221529334,0.400684931506849,0.0315907862444409,-0.165589686475523,"FarmCPU","","9804",5.44433949700426,1.50043956506121,"Suggestive"
"S8_83049943",8,83049943,0.00000360796588555557,0.219178082191781,0.0396344072442994,-0.262458967555166,"FarmCPU","","Factor7",5.44273757750066,1.40192763254955,"Suggestive"
"S1_4981168",1,4981168,0.00000363042740131955,0.0376712328767124,0.0398811526103456,1.03214412177575,"FarmCPU","","PC7",5.44004224352917,1.39923229857805,"Suggestive"
"S2_22193492",2,22193492,0.00000375139120204166,0.11986301369863,0.0274733134681521,-0.274295454627605,"FarmCPU","","9220",5.42580764445255,1.56108895855712,"Suggestive"
"S3_21463409",3,21463409,0.00000380038433769927,0.441780821917808,0.0208740860228554,-0.174765895920036,"FarmCPU","","Factor4",5.42017248040911,1.68039253112198,"Suggestive"
"S1_3199279",1,3199279,0.00000390347456271382,0.455479452054795,0.0190580639733565,0.253248967727662,"FarmCPU","","PH",5.40854864640279,1.71992121956304,"Suggestive"
"S5_31422672",5,31422672,0.00000403115421600571,0.089041095890411,0.0253047067722153,0.334481586022291,"FarmCPU","","9277",5.39457058714112,1.5967986908763,"Suggestive"
"S3_181751868",3,181751868,0.00000408537708625364,0.198630136986301,0.0598385181823571,-0.18025830034966,"FarmCPU","","9472",5.38876785126841,1.223019169709,"Suggestive"
"S4_34337812",4,34337812,0.0000041086125287522,0.133561643835616,0.0904206298755394,-0.255738312864702,"FarmCPU","","8710",5.38630481385115,1.04373247196974,"Suggestive"
"S1_281166113",1,281166113,0.00000419946519060193,0.184931506849315,0.184528699940239,-0.503064472389519,"FarmCPU","","Av.No.ker.row123",5.37680601425912,0.733936077980045,"Suggestive"
"S1_187590454",1,187590454,0.00000434277965160654,0.407534246575342,0.190826080671243,0.95868602364285,"FarmCPU","","Plot.Wt.gr",5.36223220575615,0.719362269477068,"Suggestive"
"S6_158279530",6,158279530,0.00000438988609576673,0.386986301369863,0.0482239962335215,0.170508784151416,"FarmCPU","","9860",5.35754674823664,1.31673680328552,"Suggestive"
"S4_236184651",4,236184651,0.00000444207240320259,0.243150684931507,0.0216876781632361,0.148288212423857,"FarmCPU","","PC3",5.35241436698181,1.66378694014205,"Suggestive"
"S2_221753845",2,221753845,0.00000456728923190957,0.178082191780822,0.0904206298755394,-0.236773053659131,"FarmCPU","","8710",5.34034148503304,1.04373247196974,"Suggestive"
"S3_211017487",3,211017487,0.00000476163928464653,0.0376712328767124,0.0246551408328319,0.468372801883279,"FarmCPU","","8672",5.3222435074236,1.60809251238869,"Suggestive"
"S7_122076231",7,122076231,0.00000497709496089441,0.065068493150685,0.0546746324191654,-0.368112197953345,"FarmCPU","","Factor2",5.30302407301949,1.26221412806837,"Suggestive"
"S10_139852655",10,139852655,0.00000500909829736887,0.198630136986301,0.0366841313807809,-0.322360549507662,"FarmCPU","","9966",5.30024044573392,1.43552175983849,"Suggestive"
"S3_23431210",3,23431210,0.00000504986840298325,0.0787671232876712,0.0246551408328319,0.339943416043268,"FarmCPU","","8672",5.29671993922844,1.60809251238869,"Suggestive"
"S1_187590454",1,187590454,0.00000506657274630136,0.407534246575342,0.222630273045228,0.944916956918115,"FarmCPU","","Yield.BuAc",5.29528571732906,0.652415781049981,"Suggestive"
"S4_176870778",4,176870778,0.00000508921064988289,0.339041095890411,0.055906251291626,-0.176907060981207,"FarmCPU","","8809",5.29334957266996,1.25253962771884,"Suggestive"
"S9_138019524",9,138019524,0.00000534457672349848,0.301369863013699,0.033549435115321,-0.188771291656629,"FarmCPU","","8928",5.27208668408065,1.47431478781583,"Suggestive"
"S6_151570524",6,151570524,0.00000536222752596808,0.136986301369863,0.0392702732864273,-0.282420944647062,"FarmCPU","","9804",5.27065476230838,1.40593607641294,"Suggestive"
"S5_178828433",5,178828433,0.00000543056473132868,0.39041095890411,0.0265138272065904,0.160398278322661,"FarmCPU","","Factor4",5.26515500522756,1.5765275783878,"Suggestive"
"S4_176870778",4,176870778,0.00000553773603960119,0.339041095890411,0.0405556098860193,-0.16642278705215,"FarmCPU","","9171",5.25666774907378,1.39194906317835,"Suggestive"
"S3_181751868",3,181751868,0.00000568634106332874,0.198630136986301,0.0356947875233897,-0.184793309409064,"FarmCPU","","9220",5.24516709514163,1.44739519887681,"Suggestive"
"S3_10455476",3,10455476,0.00000571216894460819,0.246575342465753,0.0250998415595029,0.137936808595561,"FarmCPU","","PC3",5.24319895623433,1.60032901995525,"Suggestive"
"S3_2945018",3,2945018,0.00000580225039064355,0.191780821917808,0.042492780735878,0.220934629912546,"FarmCPU","","8980",5.23640353356017,1.37168484766474,"Suggestive"
"S3_10455476",3,10455476,0.00000590915667795117,0.246575342465753,0.0324567816982315,0.172217357720873,"FarmCPU","","9277",5.22847449479482,1.48869454550769,"Suggestive"
"S7_10651835",7,10651835,0.00000613352040778173,0.294520547945205,0.0539026040476674,-0.157169361277645,"FarmCPU","","8755",5.21229018537943,1.26839025343637,"Suggestive"
"S1_93075304",1,93075304,0.00000617332080805212,0.143835616438356,0.0904206298755394,-0.256952932874705,"FarmCPU","","8710",5.20948115352915,1.04373247196974,"Suggestive"
"S1_93075304",1,93075304,0.0000063690679207936,0.143835616438356,0.0699658033768979,-0.256140347619483,"FarmCPU","","9472",5.19592411970147,1.15511417475035,"Suggestive"
"S6_153228305",6,153228305,0.00000642415334176143,0.14041095890411,0.0282283721990339,0.242097644871697,"FarmCPU","","Factor4",5.19218410118423,1.54931416490515,"Suggestive"
"S3_10455476",3,10455476,0.00000670964026286256,0.246575342465753,0.0368535378488055,0.169141207211469,"FarmCPU","","9318",5.17330076389089,1.43352081460376,"Suggestive"
"S8_21910910",8,21910910,0.00000743186892541195,0.143835616438356,0.0653127504903053,-0.275744681992187,"FarmCPU","","8809",5.1289019585236,1.18500202658055,"Suggestive"
"S1_92810161",1,92810161,0.0000078096859288823,0.167808219178082,0.0686330818802035,-0.458388216813249,"FarmCPU","","PC7",5.10736643117981,1.16346649923675,"Suggestive"
"S2_148232124",2,148232124,0.00000801899736815965,0.486301369863014,0.158303847244989,0.182601579094414,"FarmCPU","","PC9",5.09587992905952,0.800508530387385,"Suggestive"
"S5_10173678",5,10173678,0.00000830205521719296,0.13013698630137,0.0521143726140966,-0.253401261009038,"FarmCPU","","8980",5.08081438244359,1.28304248617877,"Suggestive"
"S4_176870778",4,176870778,0.00000847228591897892,0.339041095890411,0.0744561431131705,-0.183064447945298,"FarmCPU","","9052",5.07199939627409,1.12809946433104,"Suggestive"
"S1_20908685",1,20908685,0.00000872277243972104,0.0958904109589042,0.383287343773782,-0.816107708055741,"FarmCPU","","Kernel500Wt",5.05934545728028,0.416475521001206,"Suggestive"
"S3_175695463",3,175695463,0.00000881237028212648,0.363013698630137,0.038722436256692,-0.238790393310047,"FarmCPU","","PH",5.05490726275757,1.4120373264785,"Suggestive"
"S6_148245602",6,148245602,0.00000882027872941041,0.404109589041096,0.0484464834561279,0.18943144825515,"FarmCPU","","DTA",5.05451769052213,1.31473774123499,"Suggestive"
"S3_181751868",3,181751868,0.00000888217961820209,0.198630136986301,0.130097284867806,-0.172899271947888,"FarmCPU","","9410",5.05148044863529,0.885731767075877,"Suggestive"
"S7_18775749",7,18775749,0.00000910572789481422,0.0582191780821918,0.0500143486782539,0.310392324154196,"FarmCPU","","9220",5.04068533179483,1.3009053825077,"Suggestive"
"S3_48300025",3,48300025,0.00000922654394987639,0.123287671232877,0.0579176525287884,0.231057670952081,"FarmCPU","","9804",5.03496094518992,1.2371890489251,"Suggestive"
"S1_39895797",1,39895797,0.0000093313685932706,0.0684931506849316,0.158303847244989,-0.494576584505558,"FarmCPU","","PC9",5.03005465540503,0.800508530387385,"Suggestive"
"S4_176870778",4,176870778,0.00000946197394670154,0.339041095890411,0.0692947661986687,-0.138698196076987,"FarmCPU","","8755",5.02401825210434,1.1592995662089,"Suggestive"
"S1_187590454",1,187590454,0.00000949388764780732,0.407534246575342,0.417170917132302,0.87117056695178,"FarmCPU","","Yield.Plot",5.02255591209796,0.379685975818888,"Suggestive"
"S7_50145885",7,50145885,0.00000958469933096856,0.123287671232877,0.42116127330209,1.88508687129382,"FarmCPU","","4115",5.01842150625481,0.375551569975733,"Suggestive"
"S1_232404928",1,232404928,0.000010018906810702,0.0582191780821918,0.110060196042264,0.306298405413494,"FarmCPU","","8710",4.99917966289795,0.958369717946835,"Suggestive"
"S3_139674084",3,139674084,0.0000100797423561028,0.164383561643836,0.066982266993331,0.250545483405456,"FarmCPU","","Factor2",4.99655056856042,1.17404015799004,"Suggestive"
"S2_22190458",2,22190458,0.0000101108561770214,0.25,0.066982266993331,-0.196648935031448,"FarmCPU","","Factor2",4.99521206723667,1.17404015799004,"Suggestive"
"S3_181751868",3,181751868,0.0000101930886050619,0.198630136986301,0.0895789012790052,-0.164469976450551,"FarmCPU","","9356",4.99169420059697,1.04779426865391,"Suggestive"
"S9_11776173",9,11776173,0.0000104692738641579,0.0684931506849316,0.078382241465931,0.327811349164445,"FarmCPU","","9914",4.98008343940286,1.10578232133296,"Suggestive"
"S3_181751868",3,181751868,0.000010479905978216,0.198630136986301,0.0767495914314649,-0.173919755477185,"FarmCPU","","8809",4.97964261366194,1.11492392776651,"Suggestive"
"S6_35895325",6,35895325,0.0000106705780240167,0.469178082191781,0.066982266993331,0.21244516383742,"FarmCPU","","Factor2",4.97181205425486,1.17404015799004,"Suggestive"
"S2_23737305",2,23737305,0.0000107028390067496,0.0308219178082192,0.078382241465931,0.659734325893273,"FarmCPU","","9914",4.97050100722839,1.10578232133296,"Suggestive"
"S2_13648375",2,13648375,0.0000108079365907687,0.0753424657534246,0.158303847244989,0.470169141872257,"FarmCPU","","PC9",4.9662572119468,0.800508530387385,"Suggestive"
"S4_34337812",4,34337812,0.0000112473019514612,0.133561643835616,0.0617772118811446,-0.282979127903741,"FarmCPU","","8980",4.94895164538576,1.20917169609863,"Suggestive"
"S6_167822659",6,167822659,0.0000114687231421861,0.143835616438356,0.448220202563419,-0.520657294966659,"FarmCPU","","Factor3",4.940484931111,0.348508572468341,"Suggestive"
"S4_236560589",4,236560589,0.0000115323005902582,0.304794520547945,0.0460673472942303,-0.238426071020758,"FarmCPU","","PH",4.93808404621887,1.33660679509802,"Suggestive"
"S1_93075304",1,93075304,0.0000115906620045311,0.143835616438356,0.0964428454670484,-0.243644122298857,"FarmCPU","","9748",4.93589175845364,1.0157299846031,"Suggestive"
"S6_150082650",6,150082650,0.0000123781254032731,0.0924657534246576,0.0604341342605804,0.45386998028024,"FarmCPU","","DTA",4.90734512176652,1.21871769492677,"Suggestive"
"S8_104615021",8,104615021,0.0000123882371528371,0.089041095890411,0.0777645041046876,0.297127144688326,"FarmCPU","","9966",4.90699048936767,1.10921859310285,"Suggestive"
"S1_93075304",1,93075304,0.0000125805337729406,0.143835616438356,0.0789716049309688,-0.227371532433444,"FarmCPU","","8809",4.90030093204458,1.10252903577976,"Suggestive"
"S5_213916315",5,213916315,0.0000126102075442034,0.205479452054795,0.55410512969984,-0.924339303294455,"FarmCPU","","4618",4.89927776556328,0.2564078292842,"Suggestive"
"S5_213916315",5,213916315,0.0000126706144490734,0.205479452054795,0.289502534431254,-1.5614198063169,"FarmCPU","","4140",4.89720232391912,0.538347629916889,"Suggestive"
"S5_210476028",5,210476028,0.0000127695452674235,0.10958904109589,0.561106588595857,1.02682615672469,"FarmCPU","","4231",4.89382456799618,0.250954631717101,"Suggestive"
"S1_89999831",1,89999831,0.0000128333554117593,0.047945205479452,0.0939850783580195,0.288851635172465,"FarmCPU","","9356",4.89165977805296,1.02694109215752,"Suggestive"
"S7_158931873",7,158931873,0.0000129467840349253,0.342465753424658,0.541526832468496,1.55087400223667,"FarmCPU","","4094",4.88783809639646,0.266380019363143,"Suggestive"
"S3_181751868",3,181751868,0.0000130724660052518,0.198630136986301,0.0820596041052528,-0.17874444033614,"FarmCPU","","9119",4.88364247887301,1.08587058260819,"Suggestive"
"S3_10843412",3,10843412,0.0000131689554812656,0.184931506849315,0.0964428454670484,0.19032081220382,"FarmCPU","","9748",4.88044867049853,1.0157299846031,"Suggestive"
"S1_93075304",1,93075304,0.0000132174183433174,0.143835616438356,0.082969511346244,-0.222936213784194,"FarmCPU","","8755",4.87885336396853,1.08108146770371,"Suggestive"
"S5_210476028",5,210476028,0.0000133158968078146,0.10958904109589,0.500570241185492,1.04870005379235,"FarmCPU","","4165",4.87562957908839,0.300534972692415,"Suggestive"
"S5_210476028",5,210476028,0.0000134684843852341,0.10958904109589,0.59181867237157,0.990203365645634,"FarmCPU","","4196",4.87068127288601,0.227811336606937,"Suggestive"
"S3_48956815",3,48956815,0.0000137011574233048,0.386986301369863,0.100340426389572,-0.270964690289768,"FarmCPU","","PC7",4.86324274369598,0.998524057800545,"Suggestive"
"S7_18775749",7,18775749,0.0000138494429487181,0.0582191780821918,0.0676175969566248,0.293770666690705,"FarmCPU","","9318",4.85856769440915,1.16994026756939,"Suggestive"
"S4_176870778",4,176870778,0.0000140336849992951,0.339041095890411,0.123330830510805,-0.15797347638919,"FarmCPU","","9860",4.85282827589066,0.908928343947605,"Suggestive"
"S9_113013585",9,113013585,0.0000141930905002573,0.465753424657534,0.155914647417951,0.147553542396594,"FarmCPU","","9410",4.8479230280049,0.807113083053783,"Suggestive"
"S7_18775749",7,18775749,0.0000147133717128904,0.0582191780821918,0.0718355851595684,0.29580392130722,"FarmCPU","","9277",4.83228779304345,1.1436603662037,"Suggestive"
"S3_48300025",3,48300025,0.000014724358111284,0.123287671232877,0.161750754941983,0.287626310588363,"FarmCPU","","9530",4.8319636286158,0.791153683664689,"Suggestive"
"S3_48300025",3,48300025,0.0000148685800947327,0.123287671232877,0.161191017482551,0.287641978216699,"FarmCPU","","9578",4.82773050333184,0.792659163315387,"Suggestive"
"S3_10843412",3,10843412,0.0000153062025467572,0.184931506849315,0.084071230763382,0.196131248727407,"FarmCPU","","9804",4.81513254395594,1.0753525946688,"Suggestive"
"S6_66436647",6,66436647,0.0000153297880721338,0.246575342465753,0.0842007772097041,-0.169464783555243,"FarmCPU","","8928",4.8144638490425,1.07468389975536,"Suggestive"
"S9_60953094",9,60953094,0.0000154046748743493,0.311643835616438,0.169224204663446,0.165385460877634,"FarmCPU","","PC9",4.81234746331693,0.77153751836581,"Suggestive"
"S2_210978535",2,210978535,0.0000155024472835796,0.356164383561644,0.0756881151208636,-0.152731360343124,"FarmCPU","","9220",4.80959973680665,1.12097230996689,"Suggestive"
"S2_228859189",2,228859189,0.0000155761253125845,0.311643835616438,0.0922058382645586,0.222492230278656,"FarmCPU","","PC2",4.8075405675008,1.03524157953414,"Suggestive"
"S7_147165311",7,147165311,0.0000156466124718777,0.065068493150685,0.0982182569466827,-0.282387609554421,"FarmCPU","","9171",4.80557967370966,1.00780777744484,"Suggestive"
"S5_210476028",5,210476028,0.0000157081596131216,0.10958904109589,0.488043916617433,0.926277756466138,"FarmCPU","","4358",4.80387469444352,0.311541096262742,"Suggestive"
"S3_223560344",3,223560344,0.0000167872079860829,0.267123287671233,0.0922058382645586,0.23230417825489,"FarmCPU","","PC2",4.77502152882127,1.03524157953414,"Suggestive"
"S1_29519569",1,29519569,0.0000170569906904238,0.236301369863014,0.107071603989702,0.160552815299827,"FarmCPU","","9914",4.76809758757793,0.970325691313107,"Suggestive"
"S5_210476028",5,210476028,0.0000171138392588667,0.10958904109589,0.427220049927652,1.12465937648092,"FarmCPU","","4296",4.76665255142322,0.369348373562341,"Suggestive"
"S7_10651835",7,10651835,0.0000174676399879296,0.294520547945205,0.127924261451603,-0.166359788265851,"FarmCPU","","9052",4.75776576756744,0.893047081672002,"Suggestive"
"S7_50145885",7,50145885,0.0000175387843237956,0.123287671232877,0.289502534431254,1.16927105479856,"FarmCPU","","4140",4.75600051243887,0.538347629916889,"Suggestive"
"S1_17690003",1,17690003,0.0000179534063616526,0.116438356164384,0.788890628937379,-0.511249262114997,"FarmCPU","","8010",4.7458531390791,0.102983202800022,"Suggestive"
"S5_210476028",5,210476028,0.0000179936973857518,0.10958904109589,0.769783322521595,0.888100238347815,"FarmCPU","","4404",4.74487958766939,0.113631502198693,"Suggestive"
"S4_176870778",4,176870778,0.0000181803644042225,0.339041095890411,0.0998579240357429,-0.18324665874353,"FarmCPU","","9966",4.74039741609992,1.00061746681278,"Suggestive"
"S4_31309156",4,31309156,0.0000181916584223125,0.476027397260274,0.0999199578418543,0.178899733357215,"FarmCPU","","Factor2",4.74012770715818,1.00034775787105,"Suggestive"
"S3_220769232",3,220769232,0.000018218307639803,0.0342465753424658,0.800530656000584,3.51001436923357,"FarmCPU","","Wt.Shelled.grs",4.73949196857221,0.0966220322931317,"Suggestive"
"S3_181751868",3,181751868,0.0000183417557045301,0.198630136986301,0.161191017482551,-0.161406047995361,"FarmCPU","","9578",4.73655909525844,0.792659163315387,"Suggestive"
"S4_34337812",4,34337812,0.0000183810561675997,0.133561643835616,0.115383141294357,-0.238614431667176,"FarmCPU","","9356",4.73562953785838,0.937857641593561,"Suggestive"
"S1_75630771",1,75630771,0.0000185762791761358,0.10958904109589,0.0680216902732152,-0.413999524621409,"FarmCPU","","PH",4.73104127070282,1.16735258047137,"Suggestive"
"S5_213916315",5,213916315,0.0000194451673802441,0.205479452054795,0.427220049927652,-1.39424487336622,"FarmCPU","","4296",4.71118831417744,0.369348373562341,"Suggestive"
"S2_22193492",2,22193492,0.0000195973219812327,0.11986301369863,0.490832917195611,-0.476200635688321,"FarmCPU","","8541",4.70780327192088,0.309066319463701,"Suggestive"
"S3_10843412",3,10843412,0.0000197832705951436,0.184931506849315,0.10866208665265,0.199526284735254,"FarmCPU","","9171",4.70370190869406,0.963921959406933,"Suggestive"
"S10_117573499",10,117573499,0.0000199865368668797,0.147260273972603,0.484708711084846,1.57610453807778,"FarmCPU","","4022",4.69926245099944,0.314519175156373,"Suggestive"
"S1_17690003",1,17690003,0.0000202836292912878,0.116438356164384,0.725882435726281,-0.482706175487547,"FarmCPU","","7661",4.69285433532685,0.139133712150832,"Suggestive"
"S2_22193492",2,22193492,0.0000203212509704959,0.11986301369863,0.480128083965107,-0.4697711108987,"FarmCPU","","8597",4.69204956051899,0.318642890251705,"Suggestive"
"S2_22193492",2,22193492,0.0000204409551742056,0.11986301369863,0.498777121832907,-0.482332963326526,"FarmCPU","","8481",4.68949881415403,0.30209347518065,"Suggestive"
"S2_22193492",2,22193492,0.0000205054282166595,0.11986301369863,0.511748131054896,-0.491045315544636,"FarmCPU","","8419",4.68813115687196,0.290943734740743,"Suggestive"
"S1_17690003",1,17690003,0.0000208117364543354,0.116438356164384,0.474402037108183,-0.474506309657006,"FarmCPU","","8633",4.68169168235089,0.323853454755633,"Suggestive"
"S9_153784417",9,153784417,0.0000208553654694985,0.0993150684931506,0.183281122819047,0.325906028418422,"FarmCPU","","Factor7",4.68078219517342,0.736882263230364,"Suggestive"
"S1_187590405",1,187590405,0.0000209059839403598,0.482876712328767,0.459314920161674,-0.891913913958533,"FarmCPU","","Plot.Wt.gr",4.67972938755807,0.337889446942972,"Suggestive"
"S7_158931873",7,158931873,0.0000210727780394952,0.342465753424658,0.521674420638938,1.07370336920793,"FarmCPU","","4074",4.67627820726358,0.282600457599476,"Suggestive"
"S3_181751868",3,181751868,0.0000213539203659451,0.198630136986301,0.187662522959998,-0.160244272414517,"FarmCPU","","9530",4.67052238120112,0.726622449258061,"Suggestive"
"S1_17690003",1,17690003,0.0000215124103896341,0.116438356164384,0.486397928238264,-0.50697701063558,"FarmCPU","","8298",4.66731092572277,0.31300828356387,"Suggestive"
"S2_22193492",2,22193492,0.0000215926827841052,0.11986301369863,0.474402037108183,-0.46370947375134,"FarmCPU","","8633",4.66569339537073,0.323853454755633,"Suggestive"
"S5_2144016",5,2144016,0.0000216820658831024,0.267123287671233,0.1361045224242,-0.356350018841042,"FarmCPU","","PC7",4.66389934026616,0.866127444001339,"Suggestive"
"S1_17690003",1,17690003,0.0000218533071147724,0.116438356164384,0.480128083965107,-0.478257042070968,"FarmCPU","","8597",4.6604828308668,0.318642890251705,"Suggestive"
"S7_158931873",7,158931873,0.0000220617970043852,0.342465753424658,0.484708711084846,1.18364909828246,"FarmCPU","","4022",4.65635911577147,0.314519175156373,"Suggestive"
"S2_22193492",2,22193492,0.0000221386826989947,0.11986301369863,0.486397928238264,-0.495624087130579,"FarmCPU","","8298",4.65484822417897,0.31300828356387,"Suggestive"
"S10_117573499",10,117573499,0.0000221813893768727,0.147260273972603,0.962140915868181,1.48086910046844,"FarmCPU","","4053",4.65401125440818,0.0167613162136209,"Suggestive"
"S4_17288909",4,17288909,0.0000222965102237817,0.0684931506849316,0.122466369467899,0.324562638734053,"FarmCPU","","Factor5",4.65176310597229,0.91198315668516,"Suggestive"
"S1_17690003",1,17690003,0.0000223405437835102,0.116438356164384,0.490832917195611,-0.483481559343563,"FarmCPU","","8541",4.6509062600788,0.309066319463701,"Suggestive"
"S8_13339324",8,13339324,0.0000223882956467537,0.363013698630137,0.0894330999103638,-0.173507635666557,"FarmCPU","","Factor4",4.64997896668821,1.04850171556736,"Suggestive"
"S1_17690003",1,17690003,0.0000227021288469952,0.116438356164384,0.498777121832907,-0.490295343421172,"FarmCPU","","8481",4.64393341579574,0.30209347518065,"Suggestive"
"S5_152431162",5,152431162,0.0000231303415291218,0.0547945205479452,0.816424631874186,-0.783157403213563,"FarmCPU","","PC8",4.63581795464322,0.0880839009113046,"Suggestive"
"S1_17690003",1,17690003,0.0000232354525763564,0.116438356164384,0.658211653779537,-0.478770885914754,"FarmCPU","","7492",4.63384886398563,0.181634432695943,"Suggestive"
"S1_17690003",1,17690003,0.0000232925118251699,0.116438356164384,0.511748131054896,-0.498617725623759,"FarmCPU","","8419",4.63278367535584,0.290943734740743,"Suggestive"
"S1_187590405",1,187590405,0.0000234739337602405,0.482876712328767,0.58990282397427,-0.628084197837445,"FarmCPU","","PC4",4.62941412526251,0.229219524777611,"Suggestive"
"S1_37715465",1,37715465,0.0000236572565958791,0.219178082191781,0.519761756039762,0.532192890121058,"FarmCPU","","Kernel500Wt",4.62603561957078,0.284195678955689,"Suggestive"
"S10_117573499",10,117573499,0.0000237443126300693,0.147260273972603,0.521674420638938,1.41446046757683,"FarmCPU","","4074",4.62444039821457,0.282600457599476,"Suggestive"
"S9_59402186",9,59402186,0.0000239958078608125,0.328767123287671,0.900808513442291,0.299348260473167,"FarmCPU","","Moist",4.61986462420262,0.0453675180038998,"Suggestive"
"S5_210476028",5,210476028,0.0000242452217490469,0.10958904109589,0.893669296383159,0.85176861689925,"FarmCPU","","4425",4.61537383943268,0.048823162777423,"Suggestive"
"S7_123601271",7,123601271,0.0000246479066233584,0.0547945205479452,0.541526832468496,-4.42685394366159,"FarmCPU","","4094",4.60821995997824,0.266380019363143,"Suggestive"
"S10_10196606",10,10196606,0.0000246626520566956,0.294520547945205,0.127048319631751,-0.155368878780944,"FarmCPU","","8755",4.60796022410447,0.896031074647332,"Suggestive"
"S6_148776984",6,148776984,0.0000252550036769946,0.0993150684931506,0.110973011657082,0.259488958582276,"FarmCPU","","9804",4.59765256392065,0.954782627641577,"Exploratory"
"S6_148777029",6,148777029,0.0000252550036769946,0.0993150684931506,0.110973011657082,0.259488958582276,"FarmCPU","","9804",4.59765256392065,0.954782627641577,"Exploratory"
"S7_151724558",7,151724558,0.0000253192890612671,0.0821917808219178,0.289502534431254,1.38458923404631,"FarmCPU","","4140",4.59654849301106,0.538347629916889,"Exploratory"
"S9_113013585",9,113013585,0.0000259212432059967,0.465753424657534,0.178091098102934,0.144838177032918,"FarmCPU","","9472",4.58634417315034,0.749357788236896,"Exploratory"
"S1_28461205",1,28461205,0.0000260220494910393,0.297945205479452,0.127048319631751,0.145099039672236,"FarmCPU","","8755",4.58465850148708,0.896031074647332,"Exploratory"
"S4_14858986",4,14858986,0.0000263537502042515,0.113013698630137,0.289502534431254,1.20241110193058,"FarmCPU","","4140",4.579157574868,0.538347629916889,"Exploratory"
"S2_22193492",2,22193492,0.0000263793201627567,0.11986301369863,0.726853852235125,-0.441523818836715,"FarmCPU","","9630",4.57873640110837,0.138552903512959,"Exploratory"
"S3_128881882",3,128881882,0.0000264470301149908,0.342465753424658,0.178091098102934,-0.147064837200155,"FarmCPU","","9472",4.57762309024839,0.749357788236896,"Exploratory"
"S1_17690003",1,17690003,0.0000265869462017691,0.116438356164384,0.727335326443639,-0.496922473586113,"FarmCPU","","7378",4.57533154322069,0.138265318372534,"Exploratory"
"S5_213916315",5,213916315,0.0000269068574798161,0.205479452054795,0.666998717249922,-0.940297490354412,"FarmCPU","","4786",4.57013702162941,0.175875001303565,"Exploratory"
"S2_22193492",2,22193492,0.0000274556867440806,0.11986301369863,0.648783609859221,-0.468097841005816,"FarmCPU","","8876",4.56136768889015,0.187900130186558,"Exploratory"
"S3_54117113",3,54117113,0.0000274691254727079,0.476027397260274,0.134113426932917,-0.159344117498286,"FarmCPU","","Factor2",4.56115516687805,0.872527740038305,"Exploratory"
"S8_27118357",8,27118357,0.000027758711406634,0.287671232876712,0.140331876923363,-0.150488955104409,"FarmCPU","","8809",4.55660069823078,0.852843666110329,"Exploratory"
"S2_43558519",2,43558519,0.0000280546421797338,0.143835616438356,0.907812975508163,0.500981430050641,"FarmCPU","","7090",4.55199526609288,0.0420036141120917,"Exploratory"
"S4_156340513",4,156340513,0.0000283707172508714,0.133561643835616,0.178091098102934,-0.313531048787308,"FarmCPU","","9472",4.54712968450172,0.749357788236896,"Exploratory"
"S4_156340513",4,156340513,0.0000284570753521824,0.133561643835616,0.178633192578607,-0.36995271600052,"FarmCPU","","9052",4.54580973614478,0.74803783987996,"Exploratory"
"S7_151724558",7,151724558,0.0000285031309328777,0.0821917808219178,0.626228038160791,0.814794172644523,"FarmCPU","","4618",4.54510743219541,0.203267491580309,"Exploratory"
"S1_293944923",1,293944923,0.0000286253843716133,0.400684931506849,0.20963800244551,-0.143892733727812,"FarmCPU","","9860",4.54324867305905,0.678529987163613,"Exploratory"
"S5_10173678",5,10173678,0.0000287427890196005,0.13013698630137,0.140331876923363,-0.216817321227121,"FarmCPU","","8809",4.54147109295008,0.852843666110329,"Exploratory"
"S7_151724558",7,151724558,0.0000289341008509115,0.0821917808219178,0.593878571535277,0.532504870805871,"FarmCPU","","PC5",4.53859000912055,0.226302344754765,"Exploratory"
"S4_75164938",4,75164938,0.0000289413368551112,0.171232876712329,0.211951880458407,-0.268568162926636,"FarmCPU","","Factor7",4.53848141186976,0.673762725974332,"Exploratory"
"S10_133341401",10,133341401,0.0000289430670205317,0.226027397260274,0.215712683261088,0.204868152995068,"FarmCPU","","PC9",4.5384554497368,0.666124318929143,"Exploratory"
"S5_210476028",5,210476028,0.0000290191763316885,0.10958904109589,0.933486199094873,0.694885595715797,"FarmCPU","","4445",4.53731491855849,0.0298920983911189,"Exploratory"
"S10_2761167",10,2761167,0.0000294548621917236,0.35958904109589,0.215712683261088,0.135004892461531,"FarmCPU","","PC9",4.53084300482458,0.666124318929143,"Exploratory"
"S1_17690003",1,17690003,0.0000295297608092315,0.116438356164384,0.648783609859221,-0.4765046609529,"FarmCPU","","8876",4.52974007080165,0.187900130186558,"Exploratory"
"S2_22193492",2,22193492,0.0000299420824711256,0.11986301369863,0.660168194049837,-0.442594241160367,"FarmCPU","","9686",4.52371799777162,0.18034540318261,"Exploratory"
"S2_22193492",2,22193492,0.0000299588836749067,0.11986301369863,0.658211653779537,-0.46299523115279,"FarmCPU","","7492",4.52347437331104,0.181634432695943,"Exploratory"
"S1_17690003",1,17690003,0.0000300479367356153,0.116438356164384,0.660168194049837,-0.452044277349118,"FarmCPU","","9686",4.52218534379771,0.18034540318261,"Exploratory"
"S3_198988615",3,198988615,0.0000300997853937979,0.174657534246575,0.811371883706726,-0.479097237440382,"FarmCPU","","Abortion.per",4.52143660083877,0.090780045883093,"Exploratory"
"S5_210476028",5,210476028,0.0000303588319451046,0.10958904109589,0.666998717249922,0.749308367569269,"FarmCPU","","4786",4.51771494191866,0.175875001303565,"Exploratory"
"S3_128881882",3,128881882,0.0000305749523032159,0.342465753424658,0.191927711307944,-0.133443884557416,"FarmCPU","","9748",4.51463421178853,0.716862315523711,"Exploratory"
"S7_10651835",7,10651835,0.0000308941976034636,0.294520547945205,0.169690242111724,-0.145235014147349,"FarmCPU","","9356",4.51012307997403,0.770343130686899,"Exploratory"
"S10_130080575",10,130080575,0.0000312964861779281,0.5,0.171899862393042,-0.246458590647416,"FarmCPU","","PC7",4.5045044202555,0.764724470968366,"Exploratory"
"S10_109339442",10,109339442,0.00003184206350424,0.14041095890411,0.448220202563419,-0.497267013414714,"FarmCPU","","Factor3",4.49699879585063,0.348508572468341,"Exploratory"
"S4_14858986",4,14858986,0.0000320821997288926,0.113013698630137,0.442671665845596,1.08489236046412,"FarmCPU","","4296",4.49373586179162,0.35391827508624,"Exploratory"
"S5_170971431",5,170971431,0.000032482850891213,0.270547945205479,0.142732895101079,0.186141016127719,"FarmCPU","","9220",4.48834586145094,0.84547592517186,"Exploratory"
"S1_17690003",1,17690003,0.0000328935230090991,0.116438356164384,0.885646851508713,-0.509009599377209,"FarmCPU","","7287",4.48288960959813,0.0527394169560083,"Exploratory"
"S2_22193492",2,22193492,0.0000330389584090613,0.11986301369863,0.725882435726281,-0.46163871071502,"FarmCPU","","7661",4.48097365276593,0.139133712150832,"Exploratory"
"S1_17690003",1,17690003,0.0000330831729926549,0.116438356164384,0.726853852235125,-0.446126623606703,"FarmCPU","","9630",4.48039284412805,0.138552903512959,"Exploratory"
"S2_22193492",2,22193492,0.0000331050875694062,0.11986301369863,0.727335326443639,-0.481272499236914,"FarmCPU","","7378",4.48010525898763,0.138265318372534,"Exploratory"
"S1_93075304",1,93075304,0.0000333744805402127,0.143835616438356,0.250526270296629,-0.233081360719809,"FarmCPU","","9410",4.47658548518617,0.601146727095481,"Exploratory"
"S5_213916315",5,213916315,0.0000334410239024618,0.205479452054795,0.500570241185492,-1.25075682025265,"FarmCPU","","4165",4.47572043373357,0.300534972692415,"Exploratory"
"S7_121982515",7,121982515,0.0000336969140927173,0.243150684931507,0.49355870071603,-1.27198350853499,"FarmCPU","","4022",4.47240986927314,0.306661187713727,"Exploratory"
"S3_197403687",3,197403687,0.0000341742838066531,0.301369863013699,0.150165220474814,0.154974991312808,"FarmCPU","","8809",4.46630057821084,0.823430641931767,"Exploratory"
"S4_156340513",4,156340513,0.000034208543769595,0.133561643835616,0.250526270296629,-0.306817861630563,"FarmCPU","","9410",4.46586541299091,0.601146727095481,"Exploratory"
"S7_10651835",7,10651835,0.000034476839116865,0.294520547945205,0.252491131272361,-0.137142068972975,"FarmCPU","","9530",4.46247255772637,0.597753871830938,"Exploratory"
"S1_187590454",1,187590454,0.0000344786825903763,0.407534246575342,0.58990282397427,0.618026288465303,"FarmCPU","","PC4",4.46244933665998,0.229219524777611,"Exploratory"
"S8_16770829",8,16770829,0.0000350883666976019,0.181506849315068,0.154181792105932,-0.23378054111506,"FarmCPU","","Factor2",4.45483684696635,0.81196691068727,"Exploratory"
"S1_102089250",1,102089250,0.0000352900833386954,0.335616438356164,0.172297950220624,-0.221235344532501,"FarmCPU","","PC2",4.45234731603808,0.763719889198329,"Exploratory"
"S8_27117226",8,27117226,0.0000359505417950431,0.386986301369863,0.157970275701599,0.1290315908733,"FarmCPU","","8755",4.44429456016776,0.801424623888684,"Exploratory"
"S5_210476028",5,210476028,0.0000363076422420164,0.10958904109589,0.842702398701865,0.744574162618138,"FarmCPU","","4848",4.44000195253377,0.0743257698837896,"Exploratory"
"S4_156340513",4,156340513,0.0000364128526406276,0.133561643835616,0.233709690214574,-0.291327758419015,"FarmCPU","","9578",4.43874529641475,0.631323280250174,"Exploratory"
"S9_18330716",9,18330716,0.0000365941788147345,0.113013698630137,0.178664979033139,-0.29773212021009,"FarmCPU","","9966",4.43658799410577,0.747960567266016,"Exploratory"
"S1_60149773",1,60149773,0.000036642916350229,0.0445205479452054,0.601609720122602,1.4813178351624,"FarmCPU","","4231",4.43600996883582,0.220685155525611,"Exploratory"
"S4_234916006",4,234916006,0.0000367605713058043,0.123287671232877,0.453602899516639,-0.416726074759099,"FarmCPU","","PC6",4.43461774774756,0.343324178012743,"Exploratory"
"S7_10651835",7,10651835,0.0000372310104800076,0.294520547945205,0.233709690214574,-0.135758325951467,"FarmCPU","","9578",4.42909517651499,0.631323280250174,"Exploratory"
"S5_213916315",5,213916315,0.0000372790022786475,0.205479452054795,0.654478854799964,-0.812035162946642,"FarmCPU","","4566",4.42853571945851,0.184104380269896,"Exploratory"
"S3_181751868",3,181751868,0.0000373463614935385,0.198630136986301,0.205129558798447,-0.152510742585399,"FarmCPU","","9748",4.42775170336,0.68797175407287,"Exploratory"
"S2_43558519",2,43558519,0.0000373682186609474,0.143835616438356,0.995488811743477,0.446836342535601,"FarmCPU","","7052",4.4274976044292,0.00196361662640085,"Exploratory"
"S1_60149773",1,60149773,0.0000374183353128079,0.0445205479452054,0.500570241185492,1.51402743875252,"FarmCPU","","4165",4.42691553753465,0.300534972692415,"Exploratory"
"S3_174335833",3,174335833,0.0000376633694340071,0.0958904109589042,0.542390560747703,-1.44187096101557,"FarmCPU","","Yield.BuAc",4.4240808298016,0.265687877125611,"Exploratory"
"S2_22193492",2,22193492,0.0000379035147734571,0.11986301369863,0.794029198088772,-0.482877742508516,"FarmCPU","","8010",4.42132051626037,0.100163527376824,"Exploratory"
"S7_121982515",7,121982515,0.0000379641225828677,0.243150684931507,0.556060503471263,-1.14422697117046,"FarmCPU","","4074",4.42062663297353,0.25487795141412,"Exploratory"
"S6_118827890",6,118827890,0.0000381070754580466,0.0821917808219178,0.707986527477764,-3.07811083241993,"FarmCPU","","4115",4.4189943800436,0.149975006572568,"Exploratory"
"S2_43558519",2,43558519,0.0000387769429216095,0.143835616438356,0.818628019490696,0.486892163148001,"FarmCPU","","6007",4.41142643261187,0.0869133946749404,"Exploratory"
"S1_187590405",1,187590405,0.0000387901661282658,0.482876712328767,0.542390560747703,-0.858299846857306,"FarmCPU","","Yield.BuAc",4.41127836042483,0.265687877125611,"Exploratory"
"S1_17690003",1,17690003,0.0000389780025119757,0.116438356164384,0.90769406579694,-0.526150295213161,"FarmCPU","","7220",4.40918042074057,0.0420605038187442,"Exploratory"
"S5_213916315",5,213916315,0.0000394286430668672,0.205479452054795,0.488043916617433,-1.10391693503719,"FarmCPU","","4358",4.40418816887434,0.311541096262742,"Exploratory"
"S7_121982515",7,121982515,0.0000396032865142626,0.243150684931507,0.580069337574404,-1.61103166493699,"FarmCPU","","4094",4.40226877226177,0.236520090702351,"Exploratory"
"S3_202224080",3,202224080,0.000039710170125753,0.311643835616438,0.448220202563419,0.370622217423853,"FarmCPU","","Factor3",4.40109825233381,0.348508572468341,"Exploratory"
"S2_1289567",2,1289567,0.0000400882286085448,0.414383561643836,0.135501296406774,0.226274615432006,"FarmCPU","","PH",4.3969831336355,0.868056549663266,"Exploratory"
"S2_220469049",2,220469049,0.0000402746517358005,0.164383561643836,0.58990282397427,0.82997273975821,"FarmCPU","","PC4",4.39496820633703,0.229219524777611,"Exploratory"
"S8_28160359",8,28160359,0.0000407842588235104,0.219178082191781,0.453602899516639,0.336173720775546,"FarmCPU","","PC6",4.38950742576296,0.343324178012743,"Exploratory"
"S3_196019258",3,196019258,0.0000408020029187701,0.0684931506849316,0.448220202563419,-0.689213565790026,"FarmCPU","","Factor3",4.38931851741946,0.348508572468341,"Exploratory"
"S1_60149773",1,60149773,0.0000408738087842274,0.0445205479452054,0.442671665845596,1.63522736208739,"FarmCPU","","4296",4.38855489111393,0.35391827508624,"Exploratory"
"S2_43558556",2,43558556,0.0000413196320296836,0.318493150684932,0.907812975508163,0.369284391857546,"FarmCPU","","7090",4.38384355472719,0.0420036141120917,"Exploratory"
"S3_198527029",3,198527029,0.0000413300155618431,0.215753424657534,0.654478854799964,-0.802360163654276,"FarmCPU","","4566",4.38373443119491,0.184104380269896,"Exploratory"
"S2_22193492",2,22193492,0.0000415462827727799,0.11986301369863,0.885646851508713,-0.492479865437516,"FarmCPU","","7287",4.38146782731881,0.0527394169560083,"Exploratory"
"S1_293944923",1,293944923,0.0000415976897315467,0.400684931506849,0.228480510561737,-0.162022556448547,"FarmCPU","","9914",4.38093078871706,0.641150839429929,"Exploratory"
"S10_23071678",10,23071678,0.0000416163402258886,0.136986301369863,0.999960423823489,0.577189372884637,"FarmCPU","","5218",4.38073611464787,0.0000171880551945348,"Exploratory"
"S4_156340513",4,156340513,0.0000420627679949731,0.133561643835616,0.264040012638159,-0.289134635202849,"FarmCPU","","9530",4.37610215139796,0.578330255133138,"Exploratory"
"S4_156340513",4,156340513,0.0000421726164801168,0.133561643835616,0.152359259290312,-0.381882153224168,"FarmCPU","","Factor4",4.37496945358257,0.817131147371764,"Exploratory"
"S2_43558556",2,43558556,0.0000423157589566167,0.318493150684932,0.966723451160744,0.380495149385947,"FarmCPU","","7133",4.37349786540659,0.0146977459916035,"Exploratory"
"S1_39895797",1,39895797,0.00004234116431748,0.0684931506849316,0.453602899516639,-0.791024275713168,"FarmCPU","","PC6",4.37323720371613,0.343324178012743,"Exploratory"
"S3_198527029",3,198527029,0.0000424909164104696,0.215753424657534,0.453602899516639,-0.549034151519675,"FarmCPU","","PC6",4.37170390228967,0.343324178012743,"Exploratory"
"S3_172522577",3,172522577,0.0000426377553544072,0.0513698630136986,0.900808513442291,0.619706375058541,"FarmCPU","","Moist",4.37020566661878,0.0453675180038998,"Exploratory"
"S8_21910910",8,21910910,0.0000429204840935641,0.143835616438356,0.171451726505027,-0.228035259022434,"FarmCPU","","8755",4.36733538833754,0.76585813721669,"Exploratory"
"S4_159871332",4,159871332,0.0000429575246634221,0.071917808219178,0.247879007036307,-0.255166713515646,"FarmCPU","","PC9",4.36696075188925,0.605760252233172,"Exploratory"
"S1_187590405",1,187590405,0.0000433168611503339,0.482876712328767,0.90347156985201,-0.807297762786571,"FarmCPU","","Yield.Plot",4.36334302098666,0.044085509124805,"Exploratory"
"S3_198527029",3,198527029,0.0000433843104614508,0.215753424657534,0.488043916617433,-1.09113397976564,"FarmCPU","","4358",4.36266730071688,0.311541096262742,"Exploratory"
"S5_210476028",5,210476028,0.0000434517600519703,0.10958904109589,0.866747826072208,0.73555954897837,"FarmCPU","","4871",4.36199262737694,0.0621072389430143,"Exploratory"
"S3_198527029",3,198527029,0.0000434818633132033,0.215753424657534,0.636878851948489,-0.863953454346593,"FarmCPU","","4618",4.36169185351621,0.195943171956797,"Exploratory"
"S1_60149773",1,60149773,0.0000436738419423357,0.0445205479452054,0.799222061871053,1.41911016098534,"FarmCPU","","4196",4.35977860196544,0.0973325362727962,"Exploratory"
"S3_219400313",3,219400313,0.0000438295256459395,0.191780821917808,0.175083016946202,0.226197865314184,"FarmCPU","","Factor2",4.35823322956201,0.756755978441155,"Exploratory"
"S7_148700039",7,148700039,0.0000439875424759729,0.171232876712329,0.166809199441332,0.166294368442905,"FarmCPU","","9804",4.35667030078598,0.777780001921082,"Exploratory"
"S5_210476028",5,210476028,0.0000441043433586539,0.10958904109589,0.893503958924171,0.57998651572677,"FarmCPU","","4508",4.35551863947065,0.048903518888485,"Exploratory"
"S1_217892214",1,217892214,0.0000441946049001826,0.414383561643836,0.176541375810811,0.151423272108303,"FarmCPU","","8809",4.35463074434073,0.753153493219876,"Exploratory"
"S1_60149773",1,60149773,0.0000444272016219416,0.0445205479452054,0.488043916617433,1.33564659536598,"FarmCPU","","4358",4.35235104121386,0.311541096262742,"Exploratory"
"S5_210476028",5,210476028,0.000044683474759334,0.10958904109589,0.654478854799964,0.64491337645611,"FarmCPU","","4566",4.34985306182931,0.184104380269896,"Exploratory"
"S4_185314145",4,185314145,0.0000450756780859347,0.428082191780822,0.152359259290312,-0.167192843112959,"FarmCPU","","Factor4",4.346057731344,0.817131147371764,"Exploratory"
"S5_210476028",5,210476028,0.0000451189244468212,0.10958904109589,0.396514131823554,1.17540455046062,"FarmCPU","","4140",4.34564126169267,0.401741329749608,"Exploratory"
"S3_146363360",3,146363360,0.0000451294248262547,0.373287671232877,0.247879007036307,-0.154583437586337,"FarmCPU","","PC9",4.3455402015203,0.605760252233172,"Exploratory"
"S6_151570524",6,151570524,0.000045143732132686,0.136986301369863,0.283380104806051,-0.256974410939192,"FarmCPU","","9860",4.34540253968382,0.547630643419001,"Exploratory"
"S1_187590344",1,187590344,0.000045528793354148,0.458904109589041,0.527883813782716,-0.851223077422227,"FarmCPU","","Plot.Wt.gr",4.34171385961009,0.277461654332856,"Exploratory"
"S4_156340513",4,156340513,0.0000455545024759561,0.133561643835616,0.166809199441332,-0.292381811864286,"FarmCPU","","9804",4.34146869215253,0.777780001921082,"Exploratory"
"S3_198527029",3,198527029,0.0000455674874204494,0.215753424657534,0.500570241185492,-1.2226264420742,"FarmCPU","","4165",4.34134491764353,0.300534972692415,"Exploratory"
"S4_182046436",4,182046436,0.0000460342825055682,0.226027397260274,0.144485171969798,-0.275272783036648,"FarmCPU","","PH",4.33691862141226,0.840176720811426,"Exploratory"
"S2_43558556",2,43558556,0.0000462340994008506,0.318493150684932,0.943965911628205,0.374644699656799,"FarmCPU","","7158",4.33503759762318,0.0250436886034899,"Exploratory"
"S7_159857143",7,159857143,0.0000463954959417881,0.455479452054795,0.912685528326302,-0.473201076896504,"FarmCPU","","EH",4.33352417855229,0.0396788356513605,"Exploratory"
"S1_187094643",1,187094643,0.0000469109959279084,0.0582191780821918,0.593878571535277,0.604571929908427,"FarmCPU","","PC5",4.32872534681401,0.226302344754765,"Exploratory"
"S8_166624931",8,166624931,0.0000471448507270824,0.236301369863014,0.230176876199859,-0.205436985038924,"FarmCPU","","Factor5",4.32656573501438,0.637938308174632,"Exploratory"
"S5_210476028",5,210476028,0.0000475678116663997,0.10958904109589,0.868838290673958,0.70866118089422,"FarmCPU","","4886",4.32268682762293,0.0610610474905365,"Exploratory"
"S3_174335833",3,174335833,0.0000480538734924299,0.0958904109589042,0.527883813782716,-1.43514380787404,"FarmCPU","","Plot.Wt.gr",4.31827159928397,0.277461654332856,"Exploratory"
"S9_25927179",9,25927179,0.0000484870790054223,0.10958904109589,0.213057073857726,-0.461959543265941,"FarmCPU","","PC2",4.31437397818675,0.67150404190767,"Exploratory"
"S5_152431162",5,152431162,0.0000490787081869394,0.0547945205479452,0.975399439540387,-0.752689083362481,"FarmCPU","","Poln.per",4.30910687696922,0.0108174982878062,"Exploratory"
"S2_229419762",2,229419762,0.0000496864297387908,0.48972602739726,0.818628019490696,-0.343466098739711,"FarmCPU","","6007",4.30376220873743,0.0869133946749404,"Exploratory"
"S6_98029100",6,98029100,0.0000497570772448537,0.280821917808219,0.200697932971466,-0.2055406763077,"FarmCPU","","DTA",4.3031451382391,0.697457100376037,"Exploratory"
"S5_213916315",5,213916315,0.0000499893124089274,0.205479452054795,0.593878571535277,-0.564465457026867,"FarmCPU","","PC5",4.30112283682337,0.226302344754765,"Exploratory"
"S6_107105126",6,107105126,0.0000501964023937578,0.160958904109589,0.811371883706726,-0.482607222971844,"FarmCPU","","Abortion.per",4.29932740788541,0.090780045883093,"Exploratory"
"S3_198527029",3,198527029,0.0000505933512684168,0.215753424657534,0.893669296383159,-1.01643097198124,"FarmCPU","","4425",4.29590655227405,0.048823162777423,"Exploratory"
"S4_177440875",4,177440875,0.0000509887766637024,0.150684931506849,0.186708152948312,-0.388355643730883,"FarmCPU","","Factor2",4.29252540761631,0.728836717384855,"Exploratory"
"S2_22193492",2,22193492,0.0000510860152044202,0.11986301369863,0.90769406579694,-0.507961653325008,"FarmCPU","","7220",4.29169797170067,0.0420605038187442,"Exploratory"
"S3_198527029",3,198527029,0.0000512228775792555,0.215753424657534,0.769783322521595,-1.0438236575079,"FarmCPU","","4404",4.29053602755271,0.113631502198693,"Exploratory"
"S6_166823042",6,166823042,0.0000516149950520742,0.0616438356164384,0.453602899516639,-0.576783814732887,"FarmCPU","","PC6",4.2872241099558,0.343324178012743,"Exploratory"
"S3_128881882",3,128881882,0.0000516340533318105,0.342465753424658,0.32412170535044,-0.137664769735233,"FarmCPU","","9410",4.28706378100464,0.489291884739818,"Exploratory"
"S1_17690003",1,17690003,0.0000517082898393841,0.116438356164384,0.924911229877646,-0.530771993505255,"FarmCPU","","7185",4.2864398255155,0.0338999475034603,"Exploratory"
"S1_60149773",1,60149773,0.0000517832994615202,0.0445205479452054,0.893503958924171,0.873356854130506,"FarmCPU","","4508",4.28581028120359,0.048903518888485,"Exploratory"
"S9_112489822",9,112489822,0.0000524753591371679,0.133561643835616,0.200697932971466,0.22816660480774,"FarmCPU","","DTA",4.28004458045863,0.697457100376037,"Exploratory"
"S1_60149773",1,60149773,0.0000525556989500645,0.0445205479452054,0.769783322521595,1.27757524895308,"FarmCPU","","4404",4.27938018375811,0.113631502198693,"Exploratory"
"S2_43558556",2,43558556,0.0000527889240770266,0.318493150684932,0.924911229877646,0.363218904321768,"FarmCPU","","7185",4.27745718952721,0.0338999475034603,"Exploratory"
"S7_151724558",7,151724558,0.0000529997989998091,0.0821917808219178,0.707986527477764,2.08864911228291,"FarmCPU","","4115",4.27572577744524,0.149975006572568,"Exploratory"
"S3_198527029",3,198527029,0.0000531097752013223,0.215753424657534,0.601609720122602,-1.18521343611034,"FarmCPU","","4231",4.27482553682285,0.220685155525611,"Exploratory"
"S4_18587674",4,18587674,0.0000531282222175923,0.0753424657534246,0.522475471966454,-0.695449516536212,"FarmCPU","","Factor1",4.27467471625678,0.281934093044008,"Exploratory"
"S4_18587679",4,18587679,0.0000531282222175923,0.0753424657534246,0.522475471966454,-0.695449516536212,"FarmCPU","","Factor1",4.27467471625678,0.281934093044008,"Exploratory"
"S4_18587694",4,18587694,0.0000531282222175923,0.0753424657534246,0.522475471966454,-0.695449516536212,"FarmCPU","","Factor1",4.27467471625678,0.281934093044008,"Exploratory"
"S7_151724558",7,151724558,0.0000533259498735274,0.0821917808219178,0.442671665845596,1.21393636747458,"FarmCPU","","4296",4.27306139989809,0.35391827508624,"Exploratory"
"S5_210476028",5,210476028,0.0000542327760613792,0.10958904109589,0.923853342015215,0.646722822224864,"FarmCPU","","4906",4.26573816437736,0.0343969658023341,"Exploratory"
"S1_60149773",1,60149773,0.0000548904956722168,0.0445205479452054,0.687608782103103,1.10330494468837,"FarmCPU","","4786",4.26050284743415,0.162658585163344,"Exploratory"
"S2_3806475",2,3806475,0.0000552921491824812,0.434931506849315,0.161972821815161,-0.210645080425715,"FarmCPU","","PH",4.25733652889013,0.790557851666734,"Exploratory"
"S1_60149773",1,60149773,0.0000552998290960676,0.0445205479452054,0.933486199094873,1.0206608492334,"FarmCPU","","4445",4.25727621087884,0.0298920983911189,"Exploratory"
"S1_188114528",1,188114528,0.0000553950900325477,0.191780821917808,0.811371883706726,-0.454826481396923,"FarmCPU","","Abortion.per",4.25652872744251,0.090780045883093,"Exploratory"
"S6_105096680",6,105096680,0.0000555750468629943,0.188356164383562,0.816424631874186,-0.443141765506558,"FarmCPU","","PC8",4.25512016241518,0.0880839009113046,"Exploratory"
"S9_137763572",9,137763572,0.0000557400581603186,0.243150684931507,0.816424631874186,-0.681469526152176,"FarmCPU","","PC8",4.25383258247072,0.0880839009113046,"Exploratory"
"S2_43558556",2,43558556,0.0000558904908507337,0.318493150684932,0.818628019490696,0.359046118659854,"FarmCPU","","6007",4.25266207623435,0.0869133946749404,"Exploratory"
"S8_93032415",8,93032415,0.0000560219408421962,0.407534246575342,0.492332020509389,-0.132142308570784,"FarmCPU","","8710",4.25164184941365,0.307741917470587,"Exploratory"
"S1_93075304",1,93075304,0.0000562768640957674,0.143835616438356,0.824287228410705,-0.440541375372433,"FarmCPU","","8298",4.249670110666,0.0839214291065893,"Exploratory"
"S2_43558519",2,43558519,0.0000566339988758081,0.143835616438356,0.9695853527344,0.412941684082908,"FarmCPU","","7019",4.24692277214739,0.0134139538983681,"Exploratory"
"S2_43558519",2,43558519,0.0000571530455274734,0.143835616438356,0.974311138213585,0.436020779935243,"FarmCPU","","5384",4.2429606223022,0.0113023326169198,"Exploratory"
"S1_60149773",1,60149773,0.0000571952779289901,0.0445205479452054,0.842702398701865,1.10395906652809,"FarmCPU","","4848",4.24263982529853,0.0743257698837896,"Exploratory"
"S1_93075304",1,93075304,0.0000572966813620321,0.143835616438356,0.750695391855714,-0.426758633024758,"FarmCPU","","8481",4.24187053174806,0.12453625004247,"Exploratory"
"S4_178380448",4,178380448,0.0000573150765372451,0.356164383561644,0.542390560747703,-0.863084957552921,"FarmCPU","","Yield.BuAc",4.24173112330858,0.265687877125611,"Exploratory"
"S4_18587678",4,18587678,0.000057470553813598,0.041095890410959,0.522475471966454,-1.2980445695574,"FarmCPU","","Factor1",4.2405546177779,0.281934093044008,"Exploratory"
"S1_93075304",1,93075304,0.0000576870286284822,0.143835616438356,0.773910150618113,-0.434363427606583,"FarmCPU","","8419",4.23892183031708,0.111309457089462,"Exploratory"
"S5_210476028",5,210476028,0.0000581078697890963,0.10958904109589,0.63832947660067,0.686515128047551,"FarmCPU","","4618",4.23576504532871,0.194955100377591,"Exploratory"
"S4_14858986",4,14858986,0.0000582152462388477,0.113013698630137,0.511607226996242,0.968951183518524,"FarmCPU","","4165",4.23496326122163,0.291063329278567,"Exploratory"
"S5_213916315",5,213916315,0.0000585634299747476,0.205479452054795,0.601609720122602,-1.1868122987831,"FarmCPU","","4231",4.23237349520986,0.220685155525611,"Exploratory"
"S1_93075304",1,93075304,0.0000591203190116487,0.143835616438356,0.703056360817075,-0.419835684011096,"FarmCPU","","8541",4.22826323116558,0.153009858179731,"Exploratory"
"S4_238435130",4,238435130,0.0000594519323600344,0.301369863013699,0.522475471966454,-0.401062103002741,"FarmCPU","","Factor1",4.22583402498707,0.281934093044008,"Exploratory"
"S2_148232124",2,148232124,0.0000594666859597867,0.486301369863014,0.233458745662851,0.156833026653363,"FarmCPU","","Factor5",4.22572626377887,0.631789852202341,"Exploratory"
"S2_43558556",2,43558556,0.0000598575030226665,0.318493150684932,0.219183211693249,0.127268203598648,"FarmCPU","","8755",4.22288140386896,0.659192713637507,"Exploratory"
"S5_200780323",5,200780323,0.0000602140523631358,0.0684931506849316,0.181230864827417,0.310732123875381,"FarmCPU","","Factor4",4.22030214409784,0.741767837107684,"Exploratory"
"S1_93075304",1,93075304,0.0000603617454985503,0.143835616438356,0.715465580553998,-0.414447629863395,"FarmCPU","","8597",4.21923821009214,0.145411254336105,"Exploratory"
"S3_198527029",3,198527029,0.0000604453698157433,0.215753424657534,0.442671665845596,-1.30648879598656,"FarmCPU","","4296",4.21863696098167,0.35391827508624,"Exploratory"
"S4_34337812",4,34337812,0.0000605380140731814,0.133561643835616,0.759739272157481,-0.404125662119369,"FarmCPU","","9630",4.21797183001316,0.119335423628016,"Exploratory"
"S2_561752",2,561752,0.0000612904625547815,0.356164383561644,0.244833110465423,-0.220844060055711,"FarmCPU","","PC2",4.21260710104582,0.611129849924964,"Exploratory"
"S7_158931873",7,158931873,0.0000612981973599043,0.342465753424658,0.962140915868181,1.0596704851627,"FarmCPU","","4053",4.21255229690341,0.0167613162136209,"Exploratory"
"S3_198527029",3,198527029,0.0000614028330814825,0.215753424657534,0.868838290673958,-0.866136072493573,"FarmCPU","","4886",4.2118115903691,0.0610610474905365,"Exploratory"
"S7_76576509",7,76576509,0.0000614874697703576,0.0821917808219178,0.912685528326302,-0.830506255083591,"FarmCPU","","EH",4.21121337794869,0.0396788356513605,"Exploratory"
"S2_43558519",2,43558519,0.0000615281132741594,0.143835616438356,0.966723451160744,0.496388616675379,"FarmCPU","","7133",4.21092640210983,0.0146977459916035,"Exploratory"
"S3_198527029",3,198527029,0.0000615467284366725,0.215753424657534,0.866747826072208,-0.894611120845041,"FarmCPU","","4871",4.2107950273738,0.0621072389430143,"Exploratory"
"S3_181707782",3,181707782,0.0000617180492874199,0.10958904109589,0.542390560747703,-1.32141263366189,"FarmCPU","","Yield.BuAc",4.20958780906867,0.265687877125611,"Exploratory"
"S1_93075304",1,93075304,0.0000618393251675724,0.143835616438356,0.711821701623121,-0.409757229904247,"FarmCPU","","8633",4.2087352583782,0.147628775602336,"Exploratory"
"S4_185314138",4,185314138,0.0000618662063314729,0.424657534246575,0.181230864827417,-0.165485974759572,"FarmCPU","","Factor4",4.20854651433108,0.741767837107684,"Exploratory"
"S4_34337812",4,34337812,0.0000622993665223457,0.133561643835616,0.75974047398549,-0.406985740919977,"FarmCPU","","9686",4.20551636934803,0.119334736620145,"Exploratory"
"S3_198527029",3,198527029,0.0000626795308148406,0.215753424657534,0.799222061871053,-1.13563481862986,"FarmCPU","","4196",4.20287426308552,0.0973325362727962,"Exploratory"
"S5_150933432",5,150933432,0.0000627550200392244,0.0821917808219178,0.344689791942945,0.353480789848338,"FarmCPU","","9052",4.20235152740659,0.462571578119455,"Exploratory"
"S10_23071678",10,23071678,0.0000629011743024712,0.136986301369863,0.992268942284409,0.547345867155802,"FarmCPU","","5231",4.20134124663227,0.00337060171677149,"Exploratory"
"S2_232501686",2,232501686,0.0000630427502196785,0.404109589041096,0.233458745662851,-0.177453873391924,"FarmCPU","","Factor5",4.2003648491483,0.631789852202341,"Exploratory"
"S1_67248858",1,67248858,0.0000637560580768351,0.202054794520548,0.233458745662851,0.19582078918332,"FarmCPU","","Factor5",4.19547854243379,0.631789852202341,"Exploratory"
"S1_60149773",1,60149773,0.0000642775704441354,0.0445205479452054,0.978417014118315,1.24015251753008,"FarmCPU","","5149",4.19194054700898,0.00947600377077765,"Exploratory"
"S2_10460408",2,10460408,0.0000644488316130961,0.25,0.707986527477764,-1.33669317928553,"FarmCPU","","4115",4.19078495152368,0.149975006572568,"Exploratory"
"S5_213916315",5,213916315,0.0000644909366324188,0.205479452054795,0.842702398701865,-0.90081810007802,"FarmCPU","","4848",4.19050131555239,0.0743257698837896,"Exploratory"
"S1_60149773",1,60149773,0.0000649794815466304,0.0445205479452054,0.713815849660121,0.959867234265176,"FarmCPU","","4566",4.18722375809316,0.146413813142043,"Exploratory"
"S1_93075304",1,93075304,0.0000651019979767792,0.143835616438356,0.719807837102832,-0.417314235903011,"FarmCPU","","8876",4.18640568275324,0.142783429158538,"Exploratory"
"S4_193508872",4,193508872,0.0000659238722387667,0.0616438356164384,0.593878571535277,0.586271986559805,"FarmCPU","","PC5",4.1809572909569,0.226302344754765,"Exploratory"
"S3_57092112",3,57092112,0.0000668809649135887,0.222602739726027,0.200697932971466,-0.208012019422414,"FarmCPU","","DTA",4.17469746981509,0.697457100376037,"Exploratory"
"S3_57092115",3,57092115,0.0000668809649135887,0.222602739726027,0.200697932971466,-0.208012019422414,"FarmCPU","","DTA",4.17469746981509,0.697457100376037,"Exploratory"
"S1_93075304",1,93075304,0.000067303491984987,0.143835616438356,0.777906965421339,-0.414430765424452,"FarmCPU","","7661",4.17196240218809,0.10907233979713,"Exploratory"
"S5_210476028",5,210476028,0.0000674617190071266,0.10958904109589,0.939080043387554,0.599987085744598,"FarmCPU","","4925",4.17094259665115,0.027297388649776,"Exploratory"
"S9_113013585",9,113013585,0.0000676008252407492,0.465753424657534,0.364383474945014,0.131891763683159,"FarmCPU","","9530",4.17004800235251,0.438441326822328,"Exploratory"
"S2_43558556",2,43558556,0.0000677114277186012,0.318493150684932,0.90769406579694,0.350205529259465,"FarmCPU","","7220",4.16933802885841,0.0420605038187442,"Exploratory"
"S2_3801779",2,3801779,0.0000680808052257155,0.13013698630137,0.332393184713685,0.184628957208812,"FarmCPU","","9356",4.16697531627516,0.478347889435408,"Exploratory"
"S7_10651835",7,10651835,0.0000681593802652772,0.294520547945205,0.342442655357655,-0.131435348401049,"FarmCPU","","9410",4.16647436701768,0.46541214401635,"Exploratory"
"S3_198527029",3,198527029,0.0000684976243098941,0.215753424657534,0.50164235163351,-1.42364141237156,"FarmCPU","","4140",4.16432449079948,0.299605804904046,"Exploratory"
"S1_60149773",1,60149773,0.0000685556152052126,0.0445205479452054,0.893669296383159,1.2253812756813,"FarmCPU","","4425",4.16395696752999,0.048823162777423,"Exploratory"
"S1_38317228",1,38317228,0.0000688411180042457,0.38013698630137,0.966575222113131,-0.430601548392307,"FarmCPU","","Kernel500Wt",4.16215208519032,0.0147643420726459,"Exploratory"
"S8_167086456",8,167086456,0.0000691849825537457,0.0787671232876712,0.200697932971466,0.318817869759447,"FarmCPU","","DTA",4.15998816424019,0.697457100376037,"Exploratory"
"S3_197403687",3,197403687,0.0000696066496067952,0.301369863013699,0.509764298395365,0.15365811316912,"FarmCPU","","8710",4.15734926973438,0.292630583838948,"Exploratory"
"S3_15061533",3,15061533,0.0000699900495105573,0.0753424657534246,0.227419859510623,-0.236633635626376,"FarmCPU","","8755",4.15496369926907,0.64317161309032,"Exploratory"
"S3_48300025",3,48300025,0.0000701391388047357,0.123287671232877,0.342442655357655,0.257676280025237,"FarmCPU","","9410",4.1540395708561,0.46541214401635,"Exploratory"
"S1_93075304",1,93075304,0.0000701544291279978,0.143835616438356,0.809314384625492,-0.412701435605033,"FarmCPU","","7492",4.15394490503295,0.0918827404576183,"Exploratory"
"S1_93075304",1,93075304,0.0000703080945190448,0.143835616438356,0.794029198088772,-0.435427761408335,"FarmCPU","","8010",4.15299467209847,0.100163527376824,"Exploratory"
"S7_45890454",7,45890454,0.0000703949630561944,0.071917808219178,0.912685528326302,-0.887874862856409,"FarmCPU","","EH",4.15245841465277,0.0396788356513605,"Exploratory"
"S4_193508872",4,193508872,0.000070589829128863,0.0616438356164384,0.443112525964481,1.37506523231694,"FarmCPU","","4296",4.15125786936486,0.35348597310004,"Exploratory"
"S4_178380448",4,178380448,0.0000706484308120238,0.356164383561644,0.616279356205579,-0.860090314003763,"FarmCPU","","Plot.Wt.gr",4.15089747991942,0.210222379788652,"Exploratory"
"S2_43558519",2,43558519,0.0000709186538502456,0.143835616438356,0.96650616681858,0.438811308847023,"FarmCPU","","6988",4.14923951659846,0.0147953705989709,"Exploratory"
"S1_17690003",1,17690003,0.0000709255355660688,0.116438356164384,0.943965911628205,-0.534602472700659,"FarmCPU","","7158",4.14919737611709,0.0250436886034899,"Exploratory"
"S7_121982515",7,121982515,0.0000711742129476629,0.243150684931507,0.962140915868181,-1.15367850836314,"FarmCPU","","4053",4.14767732663098,0.0167613162136209,"Exploratory"
"S5_210476028",5,210476028,0.0000711923963503834,0.10958904109589,0.978417014118315,0.812040289923188,"FarmCPU","","5149",4.14756638837733,0.00947600377077765,"Exploratory"
"S1_60149773",1,60149773,0.0000714698857525554,0.0445205479452054,0.866747826072208,1.08747577772212,"FarmCPU","","4871",4.14587691213522,0.0621072389430143,"Exploratory"
"S7_10651835",7,10651835,0.0000717557941250891,0.294520547945205,0.394127668706318,-0.135311698144344,"FarmCPU","","9472",4.14414302483849,0.404363075551356,"Exploratory"
"S4_14858986",4,14858986,0.0000719221898449171,0.113013698630137,0.593878571535277,0.441316855690934,"FarmCPU","","PC5",4.14313709792826,0.226302344754765,"Exploratory"
"S2_220469049",2,220469049,0.000072077936483452,0.164383561643836,0.90347156985201,1.06645094689194,"FarmCPU","","Yield.Plot",4.1421976552515,0.044085509124805,"Exploratory"
"S7_157443755",7,157443755,0.0000721796156635851,0.041095890410959,0.453092070267656,0.446907566446198,"FarmCPU","","Factor7",4.1415854347679,0.343813538503082,"Exploratory"
"S2_43204414",2,43204414,0.0000724580240128519,0.0513698630136986,0.227419859510623,-0.307893007570592,"FarmCPU","","8755",4.13991351369116,0.64317161309032,"Exploratory"
"S2_43558519",2,43558519,0.0000727053132539487,0.143835616438356,0.968871714384988,0.415375019450881,"FarmCPU","","5345",4.1384338500412,0.0137337228697662,"Exploratory"
"S3_48300025",3,48300025,0.0000727519314354775,0.123287671232877,0.399599077400789,0.259869615067128,"FarmCPU","","9860",4.13815547243641,0.398375523149281,"Exploratory"
"S2_22193492",2,22193492,0.0000735823225325227,0.11986301369863,0.924911229877646,-0.509886759841945,"FarmCPU","","7185",4.13322650833501,0.0338999475034603,"Exploratory"
"S5_150933432",5,150933432,0.0000746330596596601,0.0821917808219178,0.364383474945014,0.343012455705307,"FarmCPU","","9530",4.12706875366208,0.438441326822328,"Exploratory"
"S4_185870953",4,185870953,0.0000754701348071465,0.143835616438356,0.982312662521831,-0.451189915654318,"FarmCPU","","Factor8",4.12222487425734,0.00775025763508351,"Exploratory"
"S4_185870986",4,185870986,0.0000754701348071465,0.143835616438356,0.982312662521831,-0.451189915654318,"FarmCPU","","Factor8",4.12222487425734,0.00775025763508351,"Exploratory"
"S4_14858986",4,14858986,0.0000755007430112997,0.113013698630137,0.643912636500842,0.67324949090465,"FarmCPU","","4618",4.12204877440896,0.191173051987024,"Exploratory"
"S9_113013585",9,113013585,0.0000757119540029312,0.465753424657534,0.399248395186115,0.129810252380051,"FarmCPU","","9578",4.1208355452338,0.39875682087067,"Exploratory"
"S5_210476028",5,210476028,0.0000763512011606072,0.10958904109589,0.932210268495733,0.575329480752906,"FarmCPU","","4940",4.11718412621306,0.0304861175303665,"Exploratory"
"S1_60149773",1,60149773,0.0000765754113292568,0.0445205479452054,0.868838290673958,1.04870087209227,"FarmCPU","","4886",4.11591066167716,0.0610610474905365,"Exploratory"
"S3_174336443",3,174336443,0.0000765926255217586,0.226027397260274,0.900082176600053,-0.414370932610798,"FarmCPU","","Av.No.ker.row123",4.11581304302253,0.0457178380998783,"Exploratory"
"S9_102698774",9,102698774,0.000076666471114139,0.0445205479452054,0.374311267469598,0.463865203927922,"FarmCPU","","PC9",4.11539452645196,0.426767099612213,"Exploratory"
"S5_170971431",5,170971431,0.0000772036155443417,0.270547945205479,0.339240407063392,0.17488134571742,"FarmCPU","","9277",4.11236236062037,0.469492424341293,"Exploratory"
"S8_3198028",8,3198028,0.000077597130364072,0.5,0.568282584221281,-0.596405285743643,"FarmCPU","","4165",4.11015433918115,0.245435653285716,"Exploratory"
"S1_87160442",1,87160442,0.0000776465000913707,0.047945205479452,0.200697932971466,-0.429328746155913,"FarmCPU","","DTA",4.10987811527684,0.697457100376037,"Exploratory"
"S1_87160465",1,87160465,0.0000776465000913707,0.047945205479452,0.200697932971466,-0.429328746155913,"FarmCPU","","DTA",4.10987811527684,0.697457100376037,"Exploratory"
"S1_87160472",1,87160472,0.0000776465000913707,0.047945205479452,0.200697932971466,-0.429328746155913,"FarmCPU","","DTA",4.10987811527684,0.697457100376037,"Exploratory"
"S2_43558519",2,43558519,0.0000776623294938878,0.143835616438356,0.990954895793893,0.414990871306563,"FarmCPU","","6161",4.10978958686275,0.0039461123700329,"Exploratory"
"S3_198527029",3,198527029,0.0000777716702801831,0.215753424657534,0.842702398701865,-0.885595766901916,"FarmCPU","","4848",4.10917857372487,0.0743257698837896,"Exploratory"
"S5_2790888",5,2790888,0.0000779787244489791,0.13013698630137,0.999960423823489,0.570588921319551,"FarmCPU","","5218",4.10802387314009,0.0000171880551945348,"Exploratory"
"S1_17850374",1,17850374,0.0000783758489429473,0.284246575342466,0.215244573650128,0.173618218554456,"FarmCPU","","Factor4",4.10581774199229,0.667067788369135,"Exploratory"
"S1_42520536",1,42520536,0.0000784000081335414,0.181506849315068,0.702625755321532,-1.69643560100222,"FarmCPU","","4094",4.10568389226005,0.153275934832901,"Exploratory"
"S1_32580170",1,32580170,0.0000784536055628494,0.294520547945205,0.265179221695167,0.204287812713055,"FarmCPU","","Factor5",4.10538709235662,0.576460508384384,"Exploratory"
"S1_187590344",1,187590344,0.0000784614639627683,0.458904109589041,0.574612531331334,-0.820247409864368,"FarmCPU","","Yield.BuAc",4.10534359290518,0.240624907009743,"Exploratory"
"S7_143977899",7,143977899,0.0000790691855940474,0.0582191780821918,0.289531590349003,0.370433565958664,"FarmCPU","","PC2",4.10199273437605,0.538304044144598,"Exploratory"
"S1_60149773",1,60149773,0.0000795112435579962,0.0445205479452054,0.923853342015215,0.961770929209309,"FarmCPU","","4906",4.09957145411172,0.0343969658023341,"Exploratory"
"S5_210476028",5,210476028,0.0000803488981628411,0.10958904109589,0.962735926726012,0.697350011736604,"FarmCPU","","5042",4.09502007440878,0.0164928211756621,"Exploratory"
"S5_210476028",5,210476028,0.000081092178812764,0.10958904109589,0.593878571535277,0.440521115729204,"FarmCPU","","PC5",4.0910210306502,0.226302344754765,"Exploratory"
"S4_14858986",4,14858986,0.0000813690996784802,0.113013698630137,0.601609720122602,0.929582023527423,"FarmCPU","","4231",4.0895404892991,0.220685155525611,"Exploratory"
"S5_150933432",5,150933432,0.0000817740960987469,0.0821917808219178,0.399248395186115,0.341137503155375,"FarmCPU","","9578",4.08738424771042,0.39875682087067,"Exploratory"
"S8_3198028",8,3198028,0.000082147841895624,0.5,0.601609720122602,-0.581053590569553,"FarmCPU","","4231",4.08540384142104,0.220685155525611,"Exploratory"
"S5_213916315",5,213916315,0.0000822260247827944,0.205479452054795,0.850456125730443,-1.0237529310545,"FarmCPU","","4404",4.08499070520026,0.0703480863367222,"Exploratory"
"S1_187590344",1,187590344,0.0000822440608863713,0.458904109589041,0.90347156985201,-0.773499581971169,"FarmCPU","","Yield.Plot",4.08489545407592,0.044085509124805,"Exploratory"
"S1_93075304",1,93075304,0.0000824850475862749,0.143835616438356,0.862486379367333,-0.427260722934485,"FarmCPU","","7378",4.08362477071445,0.0642477547037499,"Exploratory"
"S2_43558556",2,43558556,0.0000835883903436619,0.318493150684932,0.885646851508713,0.332104747833094,"FarmCPU","","7287",4.07785403786975,0.0527394169560083,"Exploratory"
"S3_181707782",3,181707782,0.0000841509327788051,0.10958904109589,0.616279356205579,-1.30930576467312,"FarmCPU","","Plot.Wt.gr",4.07494106568408,0.210222379788652,"Exploratory"
"S5_210476028",5,210476028,0.0000842799073193172,0.10958904109589,0.955049854643187,0.636912976846908,"FarmCPU","","5015",4.07427595064736,0.019973957179285,"Exploratory"
"S6_132261924",6,132261924,0.0000847760249984797,0.181506849315068,0.413904812717577,-0.212639659918016,"FarmCPU","","8928",4.07172695060924,0.383099523769487,"Exploratory"
"S8_155013102",8,155013102,0.000084984117832679,0.212328767123288,0.749884829499916,1.1497452827729,"FarmCPU","","PC4",4.07066222936933,0.125005432279566,"Exploratory"
"S10_23071678",10,23071678,0.0000852677168887455,0.136986301369863,0.978417014118315,0.728015845929713,"FarmCPU","","5149",4.0692153654428,0.00947600377077765,"Exploratory"
"S1_187590344",1,187590344,0.0000853286030700161,0.458904109589041,0.749884829499916,-0.582280703683977,"FarmCPU","","PC4",4.06890536422262,0.125005432279566,"Exploratory"
"S5_210476028",5,210476028,0.0000855267288148634,0.10958904109589,0.940672002640957,0.562793927467474,"FarmCPU","","4956",4.06789813833943,0.0265617817531933,"Exploratory"
"S7_151724558",7,151724558,0.0000856486553475989,0.0821917808219178,0.752697512925769,0.711665514690746,"FarmCPU","","4566",4.06727945090865,0.123379518965593,"Exploratory"
"S1_8101273",1,8101273,0.0000861203041358463,0.0616438356164384,0.378421228403322,-0.298591048799861,"FarmCPU","","9356",4.06489444512483,0.422024508845756,"Exploratory"
"S8_27118357",8,27118357,0.0000864552486795276,0.287671232876712,0.63315501370452,-0.388499286220432,"FarmCPU","","Factor1",4.06320863566523,0.198489949769796,"Exploratory"
"S8_3198028",8,3198028,0.0000868019703614201,0.5,0.705221935141917,-0.527526693606971,"FarmCPU","","4358",4.06147041644356,0.151674187917043,"Exploratory"
"S7_50145885",7,50145885,0.0000874743118607825,0.123287671232877,0.457450088495311,0.97954842450523,"FarmCPU","","4296",4.05811946532108,0.339656284053394,"Exploratory"
"S3_198527029",3,198527029,0.0000877175042039026,0.215753424657534,0.923853342015215,-0.780386361944967,"FarmCPU","","4906",4.05691373365084,0.0343969658023341,"Exploratory"
"S1_60149773",1,60149773,0.0000880766794503955,0.0445205479452054,0.939080043387554,0.897716119214271,"FarmCPU","","4925",4.05513906691952,0.027297388649776,"Exploratory"
"S2_43558519",2,43558519,0.0000885154029074979,0.143835616438356,0.980508700972619,0.426827003549404,"FarmCPU","","5472",4.05298114946405,0.00854854807714644,"Exploratory"
"S1_161534638",1,161534638,0.0000892119846687344,0.14041095890411,0.653343969721477,-0.389658179824128,"FarmCPU","","PC6",4.04957679892126,0.184858113025824,"Exploratory"
"S5_210476028",5,210476028,0.0000892372162297088,0.10958904109589,0.931958065820407,0.584361183394024,"FarmCPU","","4992",4.04945398606786,0.0306036286251183,"Exploratory"
"S5_210476028",5,210476028,0.0000892474386796801,0.10958904109589,0.928890450334387,0.563067656860014,"FarmCPU","","4971",4.04940423889356,0.0320355019597172,"Exploratory"
"S5_2790888",5,2790888,0.0000901710996888391,0.13013698630137,0.992268942284409,0.548587189932339,"FarmCPU","","5231",4.04493263381967,0.00337060171677149,"Exploratory"
"S5_150933432",5,150933432,0.0000905880505407371,0.0821917808219178,0.442281058756726,0.329090390817327,"FarmCPU","","9472",4.04292908627996,0.354301659440204,"Exploratory"
"S4_14858986",4,14858986,0.0000912406876970934,0.113013698630137,0.687608782103103,0.702720369465309,"FarmCPU","","4786",4.03981145002924,0.162658585163344,"Exploratory"
"S2_43558519",2,43558519,0.0000913825571521191,0.143835616438356,0.943965911628205,0.480479987763204,"FarmCPU","","7158",4.0391366932762,0.0250436886034899,"Exploratory"
"S1_60149773",1,60149773,0.0000915259936903989,0.0445205479452054,0.643912636500842,1.01636921194212,"FarmCPU","","4618",4.03845554732035,0.191173051987024,"Exploratory"
"S1_60149773",1,60149773,0.0000915410259109663,0.0445205479452054,0.932210268495733,0.864833864055244,"FarmCPU","","4940",4.03838422469248,0.0304861175303665,"Exploratory"
"S1_46125153",1,46125153,0.0000917342763073671,0.0547945205479452,0.702625755321532,-2.83085871189056,"FarmCPU","","4094",4.03746836084317,0.153275934832901,"Exploratory"
"S7_151724558",7,151724558,0.0000918461830308106,0.0821917808219178,0.687608782103103,0.807266764661758,"FarmCPU","","4786",4.03693888751388,0.162658585163344,"Exploratory"
"S7_141427196",7,141427196,0.0000926192799121747,0.0547945205479452,0.995735320847614,-1.21257468894564,"FarmCPU","","DTS",4.03329859984164,0.00185608725041525,"Exploratory"
"S8_3198028",8,3198028,0.0000929355631415467,0.5,0.799222061871053,-0.557857549869957,"FarmCPU","","4196",4.03181806511666,0.0973325362727962,"Exploratory"
"S2_229419762",2,229419762,0.000093475165506328,0.48972602739726,0.985891782865193,-0.335921286412173,"FarmCPU","","7090",4.02930375721497,0.00617075309508738,"Exploratory"
"S8_3198028",8,3198028,0.0000936949727238297,0.5,0.457450088495311,-0.640125554419907,"FarmCPU","","4296",4.02828371089315,0.339656284053394,"Exploratory"
"S3_198527029",3,198527029,0.000093890732860395,0.215753424657534,0.687608782103103,-0.87365900740544,"FarmCPU","","4786",4.02737727105878,0.162658585163344,"Exploratory"
"S1_60149773",1,60149773,0.0000947426217505441,0.0445205479452054,0.940672002640957,0.849721597247663,"FarmCPU","","4956",4.02345460149491,0.0265617817531933,"Exploratory"
"S2_23737305",2,23737305,0.0000951027739582649,0.0308219178082192,0.417891099050012,0.701174307954922,"FarmCPU","","9966",4.02180681537386,0.378936879094784,"Exploratory"
"S1_66956078",1,66956078,0.0000954767007488167,0.0753424657534246,0.246784806329633,-0.432643886368399,"FarmCPU","","Factor4",4.02010259669649,0.607681581795685,"Exploratory"
"S7_127716838",7,127716838,0.0000955556286346461,0.311643835616438,0.935348324990072,-0.363694755706101,"FarmCPU","","Flav.per",4.01974372605564,0.0290266271488978,"Exploratory"
"S1_217892239",1,217892239,0.0000956076584998546,0.273972602739726,0.350091343511843,0.158467149894518,"FarmCPU","","8809",4.01950731785979,0.455818627628334,"Exploratory"
"S4_14858986",4,14858986,0.0000962957513677773,0.113013698630137,0.705221935141917,0.838469116009071,"FarmCPU","","4358",4.01639287381248,0.151674187917043,"Exploratory"
"S3_198527029",3,198527029,0.0000971660064258709,0.215753424657534,0.893503958924171,-0.688199825741337,"FarmCPU","","4508",4.0124856466357,0.048903518888485,"Exploratory"
"S10_145125881",10,145125881,0.0000974028515188839,0.195205479452055,0.475553188732364,0.160656425227017,"FarmCPU","","9748",4.01142832873957,0.322800901899818,"Exploratory"
"S5_170971431",5,170971431,0.0000974858199970767,0.270547945205479,0.428362441649155,0.170900706222475,"FarmCPU","","9318",4.01105855091567,0.368188614636593,"Exploratory"
"S1_282528657",1,282528657,0.000098224246151917,0.147260273972603,0.894135704815228,1.99547666516995,"FarmCPU","","4074",4.00778129561179,0.0485965624347455,"Exploratory"
"S2_43558519",2,43558519,0.0000985046301600949,0.143835616438356,0.947125573929099,0.416915713958154,"FarmCPU","","5594",4.00654335523113,0.0235924365732764,"Exploratory"
"S3_61339995",3,61339995,0.0000985135943002561,0.071917808219178,0.962353875627496,0.664480342923479,"FarmCPU","","PC8",4.00650383526671,0.0166652003403807,"Exploratory"
"S8_162756548",8,162756548,0.00009902849143154,0.219178082191781,0.395582812908482,-0.150457605704596,"FarmCPU","","9356",4.00423983680328,0.402762585682431,"Exploratory"
